id,likeNum,commentsLen,reposts_count,region,content,contentLen,created_at,type,detailUrl,authorAvatar,authorName,authorDetail,isVip
5153058451884301,316,15,6,ä¸Šæµ·,è¯·æ‚¨åœç•™1ç§’é’Ÿï¼Œå‘ç¼‰æ¯’è‹±é›„é™ˆé”¡åè‡´æ•¬ï¼ğŸ™ğŸ™ğŸ™ â€‹,52,2025-04-08,çƒ­é—¨,https://weibo.com/5785439181/Pmgi97UbX,"https://tvax3.sinaimg.cn/crop.0.0.942.942.180/006jx71bly8hubolfhzklj30q60q6wgj.jpg?KID=imgbed,tva&Expires=1744091011&ssig=4IvAKBQYZS",å…¬ç›Šäººç‹ç£Š,https://weibo.com/u/5785439181,1
5151240067221734,16462,716,1934,å¹¿ä¸œ,è€å®¶æ‰æ˜¯ç–²æƒ«ç”Ÿæ´»çš„è§£è¯ â€‹,22,2025-04-03,çƒ­é—¨,https://weibo.com/1742566624/PluZguiHA,"https://tvax2.sinaimg.cn/crop.0.0.180.180.180/67dd74e0ly8fvv8h7c3ylj2050050aac.jpg?KID=imgbed,tva&Expires=1744091011&ssig=6LUUVyWcre",æ€æƒ³èšç„¦,https://weibo.com/u/1742566624,0
5152356589110735,1,0,0,æ¹–åŒ—,#è™ä¹¦æ¬£[è¶…è¯]# è¿™ä¸ªæ—©æœŸæŠ±çŒ«çœŸçš„ç»äº† â€‹,35,2025-04-06,çƒ­é—¨,https://weibo.com/7894123658/PlY26Ce7l,"https://tvax3.sinaimg.cn/crop.0.0.1080.1080.180/008CeWb8ly8i057s0vb4ij30u00u077k.jpg?KID=imgbed,tva&Expires=1744091011&ssig=tcoHG6r2pN",å˜å˜æŠ¥åƒ,https://weibo.com/u/7894123658,0
5153071811266875,104,6,0,å±±ä¸œ,ç„å­¦ï¼åˆ·åˆ°è«æ— è§† 4æœˆä½ æœ‰åè´¢è¿ ï¼ â€‹,33,2025-04-08,çƒ­é—¨,https://weibo.com/7899898223/PmgDH5jzt,"https://tvax3.sinaimg.cn/crop.0.0.512.512.180/008CDaphly8i08eqvt22qj30e80e8dgl.jpg?KID=imgbed,tva&Expires=1744091011&ssig=mQlh%2BCALAq",äº¬è”ç”±æ˜­,https://weibo.com/u/7899898223,1
5150757570741058,11961,1668,2272,æ— ,ã€è§è€…å¥½è¿ï¼#è¢«è¿™ä¸€åˆ»çš„æ—¥ç…§é‡‘å±±æ²»æ„ˆäº†#ã€‘#æœ‰ä¸€ç§å¹¸è¿å«çœ‹åˆ°æ—¥ç…§é‡‘å±±#é›ªååˆæ™´ï¼Œæ—¥ç…§é‡‘å±±åœ¨äº‘å—å¾·é’¦æ‹‰å¼€å¸·å¹•ï¼Œå®›å¦‚å¤©åœ°é—´ç»ç¾çš„è¯—â†“â†“ï¼ˆéŸ³ä¹ï¼šå‘¨æ·±ã€Šæµ®å…‰ã€‹ï¼‰http://t.cn/A6ry8eDx http://t.cn/A6ryR7zB â€‹,189,2025-04-01,çƒ­é—¨,https://weibo.com/2803301701/Plir336My,"https://tvax4.sinaimg.cn/crop.0.0.1018.1018.180/0033ImPzly8h8vgemh8kxj60sa0sadgw02.jpg?KID=imgbed,tva&Expires=1744091011&ssig=waH7NV3TFZ",äººæ°‘æ—¥æŠ¥,https://weibo.com/u/2803301701,0
5144128230526003,24701,508,2124,å››å·,æ„Ÿè§‰æ‰è¿›ç”»é‡Œäº† â€‹,14,2025-03-14,çƒ­é—¨,https://weibo.com/6425881183/PivYz2cPV,"https://tvax3.sinaimg.cn/crop.0.0.512.512.180/0070SleTly8fmf2kzhrzvj30e80e8jrp.jpg?KID=imgbed,tva&Expires=1744091011&ssig=xz4EUFy4UJ",æ‘„å½±æ—¥è¯¾,https://weibo.com/u/6425881183,0
5152387887268641,1927,111,40,åŒ—äº¬,çµéšå¯ºåˆ«æ— è§†ï¼Œæ‹œä¸€æ‹œä¿ä½‘å¹³å®‰å¥åº· â€‹â€‹â€‹,39,2025-04-06,çƒ­é—¨,https://weibo.com/5580316000/PlYQAuuU9,"https://tvax4.sinaimg.cn/crop.0.0.1080.1080.180/0065Er6Mly8hvuznb6mn8j30u00u0juy.jpg?KID=imgbed,tva&Expires=1744091011&ssig=1WEaBbCAoe",æ¨å¸ˆé¢é¢,https://weibo.com/u/5580316000,0
5152765115108820,679,25,28,æ±Ÿè‹,2025å¹´ä½ å°†é¡ºåˆ©é€šè¿‡æ‰€æœ‰è€ƒè¯•ï¼ â€‹[å¿ƒ] â€‹â€‹â€‹,42,2025-04-07,çƒ­é—¨,https://weibo.com/1841391791/Pm8F1lr2k,"https://tvax3.sinaimg.cn/crop.0.0.1060.1060.180/0020Ci7Bly8ho7tdbkwkgj60tg0tgq5402.jpg?KID=imgbed,tva&Expires=1744091011&ssig=pZM0Og6g%2F5",ç¯çƒè¡—æ‹,https://weibo.com/u/1841391791,0
5152410277252495,2038,216,169,æ— ,ã€#å¤§çˆ·å¤§å¦ˆæŠŠé£ç­æ”¾æˆäº†æ— äººæœº#ã€‘è¿‘æ—¥ï¼Œå±±ä¸œé’å²›ï¼Œå¤§çˆ·å¤§å¦ˆæŠŠé£ç­æ”¾å‡ºäº†æ— äººæœºçš„æ„Ÿè§‰ï¼Œåœ¨ç©ºä¸­ä¸Šä¸‹è‡ªå¦‚ï¼ŒåŠ¨ä½œç»Ÿä¸€ï¼Œç”šè‡³è¿˜æœ‰é…ä¹å’Œå‰§æƒ…ã€‚ï¼ˆé—ªç”µæ–°é—»ï¼‰ http://t.cn/A6rxLDd0 â€‹,161,2025-04-06,çƒ­é—¨,https://weibo.com/2286908003/PlZqHuqHJ,"https://tvax3.sinaimg.cn/crop.0.0.690.690.180/002uLDeXly8h8vh2k4apuj60j60j6gm402.jpg?KID=imgbed,tva&Expires=1744091011&ssig=eCdNkSF4s7",äººæ°‘ç½‘,https://weibo.com/u/2286908003,0
5152878599866451,457,6,32,å¹¿ä¸œ,æˆ‘çš„å–„è‰¯å¾—åˆ°äº†0ç‚¹å›æŠ¥å’Œæ— æ•°çš„è¹¬é¼»å­ä¸Šè„¸ â€‹,39,2025-04-07,çƒ­é—¨,https://weibo.com/7895521166/PmbC3FoIj,"https://tvax3.sinaimg.cn/crop.0.0.1024.1024.180/008CkNJAly8hlmk2l50krj30sg0sgjt6.jpg?KID=imgbed,tva&Expires=1744091015&ssig=s2WIcHC81e",è¦å‘ç–¯äº†,https://weibo.com/u/7895521166,0
5152124447492302,6639,104,965,æ²³åŒ—,ğŸŒ·ğ™¬ğ™–ğ™¡ğ™¡ğ™¥ğ™–ğ™¥ğ™šğ™§å£çº¸ï½œiPadå£çº¸ï½œç–¯ç‹‚åŠ¨ç‰©åŸ â€‹,66,2025-04-05,çƒ­é—¨,https://weibo.com/7392475033/PlRZGvr5A,"https://tvax2.sinaimg.cn/crop.0.0.1080.1080.180/0084i4shly8hb2rcrkkpwj30u00u0jtl.jpg?KID=imgbed,tva&Expires=1744091015&ssig=FyWnzvv7R5",çŸ¥æ˜¥é‡Œå€¦å¤,https://weibo.com/u/7392475033,0
5152085839708515,2378,1124,1108,æµ™æ±Ÿ,"/â€¢á·…â€â€â€¢á·„\à­­ âŒ¯Ë™â°™Ë™âŒ¯
äººé—´å››æœˆå¤© å¼€å¿ƒæ¯ä¸€å¤©ğŸ¾
#æ˜¥æ—¥å°é²œæŒ‡å—# â€‹â€‹â€‹",75,2025-04-05,çƒ­é—¨,https://weibo.com/5222794628/PlQZpEJCX,"https://tvax3.sinaimg.cn/crop.58.0.963.963.180/005Hsjt2ly8h9wbjbhax3j60u00qrwo602.jpg?KID=imgbed,tva&Expires=1744091015&ssig=qoWJlXLaTz",å¤­å¤­Yoo,https://weibo.com/u/5222794628,0
5151844046479099,502,172,143,æ— ,A little progress each day adds up to big results. æ¯å¤©ä¸€ç‚¹å°è¿›æ­¥ï¼Œæœ€ç»ˆèƒ½å¸¦æ¥å¤§æˆå°±ã€‚æ™šå®‰ï¼ â€‹,91,2025-04-04,çƒ­é—¨,https://weibo.com/1663072851/PlKHqrbvB,"https://tvax4.sinaimg.cn/crop.0.0.640.640.180/001Oy5dFly8h8vgo0vtpoj60hs0hsweu02.jpg?KID=imgbed,tva&Expires=1744091015&ssig=w3le62YI9F",ä¸­å›½æ—¥æŠ¥,https://weibo.com/u/1663072851,0
5148772325657279,5759,71,29,æ±Ÿè‹,ç¥å¥‡çš„è§’åº¦è¯¶ â€‹,12,2025-03-27,çƒ­é—¨,https://weibo.com/2140727130/PksN2nJIr,"https://tvax4.sinaimg.cn/crop.0.0.512.512.180/7f98e75aly8hbztvwgfeuj20e80e8gm6.jpg?KID=imgbed,tva&Expires=1744091015&ssig=PhBgfjWMng",pppppæ½˜å•¦å•¦å•¦å•¦,https://weibo.com/u/2140727130,0
5150269483254325,8201,1068,1191,å››å·,è¿™ä¸€åˆ» å¤ªé˜³æˆä¸ºäº†æ ‘çš„å¿ƒè„ â€‹,25,2025-03-31,çƒ­é—¨,https://weibo.com/2092506864/Pl5JOdEB7,"https://tvax1.sinaimg.cn/crop.0.0.1080.1080.180/7cb91ef0ly8hc0kp05c0xj20u00u0tah.jpg?KID=imgbed,tva&Expires=1744091015&ssig=rcmwluTxrB",yukiç”Ÿæ´»è®°,https://weibo.com/u/2092506864,0
5152543488610639,733,28,22,æ¹–å—,ä»–ä¿©éƒ½åœ¨ä¸€èµ·åå¹´äº†[å¿ƒ]http://t.cn/A6usmSOj â€‹,45,2025-04-06,çƒ­é—¨,https://weibo.com/5254886684/Pm2TyA81h,"https://tvax3.sinaimg.cn/crop.0.0.1080.1080.180/005JCY4Qly8h76f9ldf1xj30u00u0dgc.jpg?KID=imgbed,tva&Expires=1744091015&ssig=BxK1jwYOPa",Support_å‘¨æ°ä¼¦,https://weibo.com/u/5254886684,1
5152808592998983,6099,737,2181,åŒ—äº¬,"é¦™æ¸¯ï¼Œä»åŸå¸‚åˆ°ç¦»å²›ï¼Œè¡—å¤´å··å°¾é—´ï¼Œæ˜¯å†å²çš„ç¼©å½±å’Œä¸œè¥¿æ–¹æ–‡åŒ–çš„ç¢°æ’ï¼Œä¹Ÿæ˜¯æ¸¯äº§ç‰‡é‡Œé‚£ä¸€å¹•å¹•å°è±¡æ·±åˆ»çš„ç”»é¢ã€‚#é¦™æ¸¯éšå¤„å¥½æ˜¥å…‰##ç•…æ¸¸é¦™æ¸¯##å¸¦ç€å¾®åšå»æ—…è¡Œ# 
å¤ªå¹³å±±é¡¶çš„æ—¥ä¸å¤œï¼Œæµ·æ´‹å…¬å›­é‡Œçš„çº¦ä¼šï¼Œå—ä¸«å²›ä¸Šçš„æ”¾ç©ºï¼Œè¿˜æœ‰å¤§æ¾³æ¸”æ‘çš„é‚£äº›çƒŸç«æ°”â€¦â€¦éšç€é“›é“›è½¦å“è¿‡ï¼Œéƒ½ä¼šä»è®°å¿†é‡Œä¸€ä¸€æµ®ç°â€¦â€¦ â€‹",264,2025-04-07,çƒ­é—¨,https://weibo.com/1961381224/Pm9N9cAaH,"https://tvax4.sinaimg.cn/crop.0.0.1242.1242.180/74e84d68ly8fje6grd2k9j20yi0yidiq.jpg?KID=imgbed,tva&Expires=1744091015&ssig=y6K5svMk1L",æŠ¬å¤´çœ‹é£æ™¯nono,https://weibo.com/u/1961381224,1
5153106007163327,2,0,1,æ— ,æœ€è¿‘^-^ â€‹,7,2025-04-08,å®æ—¶,https://weibo.com/5042634345/PmhwQu3vx,"https://tvax2.sinaimg.cn/crop.0.0.512.512.180/005vgny1ly8g1t0f55b0sj30e80e83z6.jpg?KID=imgbed,tva&Expires=1744091017&ssig=Ru5kPT3fTQ",fu-3shan,https://weibo.com/u/5042634345,0
5153108281526762,0,0,0,æ— ,å®¶äººä»¬è°æ‡‚ï¼Œæˆ‘å°±æ”¹äº†ä¸€ä¸ªè¡¨æ ¼ï¼Œç„¶åé¢†å¯¼å°±ç»™æˆ‘å®‰æ’äº†ä¸€å †ä»»åŠ¡ï¼Œè®©æˆ‘æ”¹å…¶ä»–è¡¨æ ¼ï¼Œæ”¹PPTï¼Œå„ç§æ”¹ï¼Œå…¶å®æˆ‘çœŸçš„ä¸ä¼šå•ŠğŸ˜­ â€‹,58,2025-04-08,å®æ—¶,https://weibo.com/6296755386/PmhAw6pbc,"https://tvax4.sinaimg.cn/crop.0.0.1080.1080.180/006S8xIKly8hyrdmkxvu9j30u00u0tbb.jpg?KID=imgbed,tva&Expires=1744091017&ssig=A6xWqaS2Jt",W-Queen-H,https://weibo.com/u/6296755386,0
5153108279689742,0,0,0,æ— ,å¼€å­¦ç¬¬ä¸€å¤© äººæ€ä¹ˆå¯ä»¥å›°åˆ°è¿™ä¸ªç¨‹åº¦[ç–‘é—®]  â€‹,24,2025-04-08,å®æ—¶,https://weibo.com/6593323815/PmhAvEEKa,"https://tvax2.sinaimg.cn/crop.0.0.1080.1080.180/007ccUIvly8hzsf2o5jtrj30u00u0q4n.jpg?KID=imgbed,tva&Expires=1744091017&ssig=skJBKhc5mQ",Miraitowa_å¡,https://weibo.com/u/6593323815,0
5153108281524601,0,0,0,æ— ,æœ€ä¸Šæµ·çš„åœ°æ–¹ä¹‹ä¸€ â€‹,10,2025-04-08,å®æ—¶,https://weibo.com/3136745253/PmhAw6oCl,"https://tvax2.sinaimg.cn/crop.0.0.1080.1080.180/baf6ef25ly8gbg5shu1lxj20u00u00vc.jpg?KID=imgbed,tva&Expires=1744091017&ssig=Mvcymvcx88",26_14_9_8_12_48,https://weibo.com/u/3136745253,0
5153105482352513,1,0,0,æ— ,é…¸è¾£ç²‰å¤ªå¥½åƒäº† æ‡æ·èŠ’ä¹Ÿå¥½åƒ æ— æ•Œï¼ï¼ï¼ â€‹,22,2025-04-08,å®æ—¶,https://weibo.com/6831834809/Pmhw09RZL,"https://tvax2.sinaimg.cn/crop.0.0.1080.1080.180/007slGk1ly8hig90maatlj30u00u0juv.jpg?KID=imgbed,tva&Expires=1744091017&ssig=NDzJ99ilVP",_è¶…çº§çˆ±åƒæ’’æ’‡,https://weibo.com/u/6831834809,0
5153108281524561,0,0,0,æ— ,å¤©å‘å¬è¿™ä¸€ç³»åˆ—ä¸ç—›ä¸ç—’çš„è¯´æ•™æˆ‘çš„å¿ƒæƒ…æ˜¯äº‹å„¿è¿™ä¹ˆå¤§æˆ‘å…ˆå»åƒé¥­å¯ä»¥å—å¯ä»¥å—å¯ä»¥å— â€‹,40,2025-04-08,å®æ—¶,https://weibo.com/7131628240/PmhAw6oBH,"https://tvax1.sinaimg.cn/crop.0.0.1080.1080.180/007MDAhWly8hy8fpa5lc9j30u00u0abn.jpg?KID=imgbed,tva&Expires=1744091017&ssig=81Ha3ti9Gs",å…­åäº”å²é’æ˜¥é“ä¸½ç¾å°‘ç”·,https://weibo.com/u/7131628240,0
5153088798986533,1,0,1,æ— ,ğŸŒº  â€‹,4,2025-04-08,å®æ—¶,https://weibo.com/7449731957/Pmh55BHO5,"https://tvax3.sinaimg.cn/crop.0.0.1080.1080.180/0088ajB3ly8gym2zy9zg0j30u00u0wic.jpg?KID=imgbed,tva&Expires=1744091017&ssig=dSpOzG6A09",æ˜Ÿæ˜Ÿäº¦æ˜¯ä½ ya,https://weibo.com/u/7449731957,0
5153108122141302,0,0,0,æ— ,åˆ†äº«å›¾ç‰‡  â€‹,7,2025-04-08,å®æ—¶,https://weibo.com/5852459534/PmhAg8Z38,"https://tvax1.sinaimg.cn/crop.0.0.512.512.180/006o4k4Cly8htzaao0uzdj30e80e8dfx.jpg?KID=imgbed,tva&Expires=1744091017&ssig=VAJ0P3Mxqj",è’œæ‹Œå°ç±³æ¤’,https://weibo.com/u/5852459534,0
5153108281263745,0,0,0,æ— ,"è¿™å‡ å¤©çœ‹å€¼å¾—çˆ±å¤ªä¸Šå¤´äº†
æ•´ä¸ªäººè„‘ç“œå­æ˜æ˜æ²‰æ²‰çš„ â€‹",25,2025-04-08,å®æ—¶,https://weibo.com/5238249641/PmhAw5iKZ,"https://tvax1.sinaimg.cn/crop.0.0.1080.1080.180/005Iva1rly8i03vpcfckrj30u00u041h.jpg?KID=imgbed,tva&Expires=1744091017&ssig=oJvuwqtodF",åˆç…§,https://weibo.com/u/5238249641,0
5153108280740099,0,0,0,æ— ,"ç‚ºä»€éº¼ä¸èƒ½è«åå…¶å¦™æ’¿åˆ°äº”ç™¾ä¸‡
[æ·¡æ·¡çš„] â€‹",22,2025-04-08,å®æ—¶,https://weibo.com/7279680170/PmhAw36x5,"https://tvax1.sinaimg.cn/crop.0.0.413.413.180/007WENmily8hz8eo54af4j30bh0bhjrg.jpg?KID=imgbed,tva&Expires=1744091017&ssig=ExddycCwGe",å¾ˆå¤§çš„å°ç“¶è“‹,https://weibo.com/u/7279680170,0
5153104609935413,3,0,0,æ— ,è¢«æ·¹å‡ºäº†ç«é”…å‘³ğŸ²ğŸŒ¶ï¸ â€‹,12,2025-04-08,å®æ—¶,https://weibo.com/3294878645/PmhuAFGEB,"https://tvax4.sinaimg.cn/crop.0.0.1080.1080.180/c463dbb5ly8h5punqfo1bj20u00u00z4.jpg?KID=imgbed,tva&Expires=1744091017&ssig=c4KpI3XIos",è‚ä¸äºŒè²å‘€,https://weibo.com/u/3294878645,0
5153108280213832,0,0,0,æ— ,çœ‹äº†ä¸‹è¿™ä¸¤å¤©è·¯é€å‡ºæ¥çš„æ£®æ—å½•åˆ¶åœºæ¬¡å®‰æ’ï¼Œæ˜¯ä¸æ˜¯æœ‰ç‚¹å¤ªç…§é¡¾å¶äº†ï¼Œå…¨éƒ¨ç™½å¤©ç­æ²¡æœ‰è¿å½•[æŒ–é¼»] â€‹,46,2025-04-08,å®æ—¶,https://weibo.com/7949470969/PmhAw0TCU,"https://tvax2.sinaimg.cn/crop.0.0.512.512.180/008FZaxHly8i089o8gq18j30e80e8wfi.jpg?KID=imgbed,tva&Expires=1744091017&ssig=9ujWWUpFz1",-åœåœèµ°èµ°çœ‹çœ‹-,https://weibo.com/u/7949470969,0
5153095143653494,2,0,0,æ— ,å¢¨é•œæ­é…çº¢å¢™å¤ªèˆ¬é…äº†  â€‹,13,2025-04-08,å®æ—¶,https://weibo.com/5950114050/Pmhfkfkrk,"https://tvax3.sinaimg.cn/crop.0.0.512.512.180/006uG4tsly8hyyvstuzu0j30e80e8jrt.jpg?KID=imgbed,tva&Expires=1744091017&ssig=%2FEFrl9TdFv",å¦®å­é…±u,https://weibo.com/u/5950114050,0
5153108279952992,0,0,0,æ— ,åˆšæ‰å·¥å•†å¼¹å‡ºä¸€æ¡æ¶ˆæ¯ æˆ‘è¿˜ä»¥ä¸ºæ˜¯ç»™å‘å·¥èµ„äº†å‘¢[è·ªäº†] â€‹,28,2025-04-08,å®æ—¶,https://weibo.com/6668712567/PmhAvFLe8,"https://tvax3.sinaimg.cn/crop.0.0.1080.1080.180/007hjeM7ly8howh1xrmqwj30u00u0jtu.jpg?KID=imgbed,tva&Expires=1744091017&ssig=vrTK3DX%2F3v",oæ…¢ç†±æ½®o,https://weibo.com/u/6668712567,0
5153100575019284,4,1,0,æ— ,#è‡ªå·±# åˆšå‡ºç‚‰çš„æ–°å‘å‹ â€‹,14,2025-04-08,å®æ—¶,https://weibo.com/2262603254/Pmho5l3Kc,"https://tvax1.sinaimg.cn/crop.0.0.1080.1080.180/86dc95f6ly8hrhlrto6vvj20u00u0n1c.jpg?KID=imgbed,tva&Expires=1744091017&ssig=XcZGXwUjwY",å¤œWhite,https://weibo.com/u/2262603254,0
5153108277333156,0,0,0,æ— ,ã€meanè¡Œä¸ºã€‘æ”¾åœ¨å—é€šèº«ä¸Šå°±æ˜¯å¥³ç‹ï¼Œæ”¾åœ¨å¥³çš„èº«ä¸Šå°±æ˜¯æ ‡å¿—ã€‚æŸäº›äººå°±è¿™æ ·åŒæ ‡ â€‹,40,2025-04-08,å®æ—¶,https://weibo.com/7979528605/PmhAvuLGI,"https://tvax2.sinaimg.cn/crop.0.0.1080.1080.180/008I1hUhly8i04r6dyxlhj30u00u0q43.jpg?KID=imgbed,tva&Expires=1744091017&ssig=h42u6sea26",æ€§åˆ«è®¤çŸ¥éšœç¢åˆ«é—¹äº†,https://weibo.com/u/7979528605,0
5153105961813131,6,1,0,æ— ,âœ‚ï¸ç»£çƒğŸ’™ â€‹,7,2025-04-08,å®æ—¶,https://weibo.com/3288059091/PmhwM7BG3,"https://tvax2.sinaimg.cn/crop.0.0.1080.1080.180/c3fbccd3ly8gda80hk0bij20u00u0dj3.jpg?KID=imgbed,tva&Expires=1744091017&ssig=x%2BeBl%2FScuK",å¤©ä½¿çˆ±ç¾ä¸½Ang,https://weibo.com/u/3288059091,0
5153100521015405,8,4,0,æ— ,#è·‘æ­¥[è¶…è¯]#  çˆ¸çˆ¸å›è€å®¶äº†ï¼Œæˆ‘ä¹Ÿå›å½’æ­£å¸¸äº†ï¼æ™¨è·‘5ké¡ºé¡ºè…¿ï¼Œå‘¨æœ«åˆè¦å¹²ä¸€åœºå¤§çš„[æ¯”è€¶]  â€‹,49,2025-04-08,å®æ—¶,https://weibo.com/5061424540/Pmho04g9v,"https://tvax2.sinaimg.cn/crop.0.0.512.512.180/005wxdJGly8gdk1ezqkduj30e80e80t4.jpg?KID=imgbed,tva&Expires=1744091017&ssig=4jONKEgG7%2F",yhåˆä¸€,https://weibo.com/u/5061424540,0
5153108277330113,0,0,0,æ— ,#ä¸­æ–¹å›åº”ç‰¹æœ—æ™®å¨èƒé¢å¤–å¾æ”¶50%å…³ç¨#æ¯æ—¥ä¸€é—®ï¼Œç‰¹æœ—æ™®æ€ä¹ˆè¿˜ä¸æ­» â€‹,35,2025-04-08,å®æ—¶,https://weibo.com/5938089469/PmhAvuKTD,"https://tvax1.sinaimg.cn/crop.0.0.300.300.180/006tRCkBly8h6lkxrhupwj308c08cwef.jpg?KID=imgbed,tva&Expires=1744091017&ssig=a%2BKOSsnBa%2F",å…ƒå®_9999,https://weibo.com/u/5938089469,0
5153108277073049,0,0,0,æ— ,åˆ†äº«å›¾ç‰‡  â€‹,7,2025-04-08,å®æ—¶,https://weibo.com/7635230059/PmhAvtG1r,"https://tvax4.sinaimg.cn/crop.0.0.1080.1080.180/008kIE7Vly8h255bk9rg4j30u00u0tdb.jpg?KID=imgbed,tva&Expires=1744091017&ssig=ySUVoh%2Fwxu",Ryanleyn,https://weibo.com/u/7635230059,0
5153088349406607,3,0,1,æ— ,æˆ‘å–œæ¬¢é£çš„é€å½»ã€‚  â€‹,11,2025-04-08,å®æ—¶,https://weibo.com/6230609327/Pmh4mDt5t,"https://tvax2.sinaimg.cn/crop.0.0.1080.1080.180/006NF06Ply8i0957v2dz5j30u00u0tbu.jpg?KID=imgbed,tva&Expires=1744091020&ssig=0lRFHCDdR%2F",Sgr-w11,https://weibo.com/u/6230609327,0
5153104899083071,1,0,0,æ— ,æƒ³è¦æ¯å¤©éƒ½æ˜¯å‘¨æœ«  â€‹,11,2025-04-08,å®æ—¶,https://weibo.com/1965269087/Pmhv3C6V9,"https://tvax4.sinaimg.cn/crop.0.0.512.512.180/7523a05fly8hdhlikvrxpj20e80e874r.jpg?KID=imgbed,tva&Expires=1744091020&ssig=jby13qgcMh",Wings_-,https://weibo.com/u/1965269087,0
5153088433291648,2,2,1,æ— ,"æ„Ÿè°¢å¹´è½»æ—¶å€™çˆ±æ…•è™šè£çš„è‡ªå·±ï¼Œæç°åœ¨æˆ‘æ˜¯é“ä¸ä¼šä¹°lulu è¿™ä¹ˆè´µçš„å¥èº«æœï¼ï¼ï¼ï¼
å–œæ¬¢æ—©ä¸Šå‡ºé—¨åœ¨è½¦ä¸Šæ‹çš„ç…§ç‰‡ï¼Œæˆ‘è§‰å¾—å¾ˆæœ‰å¤æ—©æ»¤é•œé‚£å‘³xixi â€‹",71,2025-04-08,å®æ—¶,https://weibo.com/2551364095/Pmh4vdOj6,"https://tvax3.sinaimg.cn/crop.0.0.1080.1080.180/9812b9ffly8hxmqhg059jj20u00u0412.jpg?KID=imgbed,tva&Expires=1744091020&ssig=HLMVMkA%2BcQ",å¿«ä¹ç¾å¼å°ç‹—-,https://weibo.com/u/2551364095,0
5153095975175121,0,1,0,æ— ,åˆåˆæ—©åˆ°å¾ˆå¤šæ—¶é—´ â€‹,10,2025-04-08,å®æ—¶,https://weibo.com/6978082390/PmhgFlIhH,"https://tvax3.sinaimg.cn/crop.0.0.1080.1080.180/007CfjZYly8hqrrc161zaj30u00u0405.jpg?KID=imgbed,tva&Expires=1744091020&ssig=W6e6UpPMom",æ¯”æˆ‘éº»çƒ¦çš„å¤§æœ‰äººåœ¨,https://weibo.com/u/6978082390,0
5153107709528907,1,0,0,æ— ,ç®—é¸Ÿ  â€‹,5,2025-04-08,å®æ—¶,https://weibo.com/6900884804/PmhzADYU3,"https://tvax2.sinaimg.cn/crop.0.0.512.512.180/007x1pnCly8gjxeaka4j6j30e80e8mxs.jpg?KID=imgbed,tva&Expires=1744091020&ssig=JOg%2BA0ADhX",æ£®æ± æ‰ä¸ç”œ,https://weibo.com/u/6900884804,0
5153106439439819,0,0,0,æ— ,ç­‰11:40å°±å†²å»é¥­å ‚åƒä¸ªçŒªæ‚ç²‰ â€‹,18,2025-04-08,å®æ—¶,https://weibo.com/2669426481/PmhxxDBJ9,"https://tvax1.sinaimg.cn/crop.0.0.1080.1080.180/9f1c3731ly8hzzbueq9g4j20u00u0q6d.jpg?KID=imgbed,tva&Expires=1744091020&ssig=ZHRsj0XnfE",å°èŒµä¸çŸ¥é“æ”¹ä»€ä¹ˆåå­—å¥½å‘¢,https://weibo.com/u/2669426481,0
5153107034508633,1,0,0,æ— ,"ä¸­è¯æ²¡å–å®Œ
å†·å†»èµ·æ¥åˆæ˜¯è¥¿è¯[æ‚²ä¼¤] â€‹",20,2025-04-08,å®æ—¶,https://weibo.com/2467034943/PmhyviUTT,"https://tvax2.sinaimg.cn/crop.0.0.803.803.180/930bf73fly8hzy5k8ahb8j20mb0mbq3w.jpg?KID=imgbed,tva&Expires=1744091020&ssig=dVhrfLRwnq",æœæ‹‰æ‹‰Sukey,https://weibo.com/u/2467034943,0
5153106790973913,0,1,0,æ— ,è›‹ç™½æ£’çœŸæ˜¯å‡è‚¥ç¥å™¨ åƒäº†å‡ å£æƒ³åç®€ç›´äº†ã€‚ â€‹,22,2025-04-08,å®æ—¶,https://weibo.com/6884512653/Pmhy745mh,"https://tvax2.sinaimg.cn/crop.0.0.1080.1080.180/007vUIeFly8hxvtxpvs9kj30u00u00ut.jpg?KID=imgbed,tva&Expires=1744091020&ssig=eOmBScLGR0",çˆ±è€¶è€¶ç¬¬ä¸€å,https://weibo.com/u/6884512653,0
5153094153800929,0,2,0,æ— ,ä»Šå¤©æ˜¯408ï¼Œ13å¹´äº†è€ä¼™è®¡ï¼Œè¯´ä¸€å£°å†è§ï¼Œæ„Ÿè°¢ä½ çš„é™ªä¼´[å¿ƒ] â€‹,32,2025-04-08,å®æ—¶,https://weibo.com/1917256235/PmhdJfWNj,"https://tva3.sinaimg.cn/crop.0.0.180.180.180/7247022bjw1e8qgp5bmzyj2050050aa8.jpg?KID=imgbed,tva&Expires=1744091020&ssig=vLHaarhHP5",å…¨ä¸–ç•Œçš„maria,https://weibo.com/u/1917256235,0
5153101964642236,0,1,0,æ— ,å¯çˆ±çš„æˆ‘åˆå‡ºç°äº† â€‹,10,2025-04-08,å®æ—¶,https://weibo.com/2469362521/PmhqkjtEM,"https://tvax1.sinaimg.cn/crop.0.0.512.512.180/932f7b59ly8hycvxac35aj20e80e8t9v.jpg?KID=imgbed,tva&Expires=1744091020&ssig=H19R8b9mXM",é…¢ä¹™å¥³æ„›_x,https://weibo.com/u/2469362521,0
5152437163528917,16,25,0,å±±ä¸œ,ä¸‰åå¤šå²çš„å©šå§»ç”Ÿæ´»å°±åƒä¸€ç‰‡æ­»æµ·ï¼Œæ— æ€§æ— çˆ±æ— æ¿€æƒ…  â€‹,66,2025-04-06,åŒåŸ,https://weibo.com/1745591242/Pm084eO21,"https://tvax4.sinaimg.cn/crop.0.5.502.502.180/680b9bcaly8fdqviqdlrhj20dy0e8jse.jpg?KID=imgbed,tva&Expires=1744091023&ssig=vrng1mfJ36",ç³–é†‹å°æ’èŒèŒå“’,https://weibo.com/u/1745591242,0
5152922602575896,15,2,0,å±±ä¸œ,å¤©å¤©å¼€å¿ƒ skrï½ğŸ‘½ â€‹,18,2025-04-07,åŒåŸ,https://weibo.com/1964175345/PmcL2aO6I,"https://tvax1.sinaimg.cn/crop.0.0.512.512.180/7512eff1ly8hlteeepbbyj20e80e8q38.jpg?KID=imgbed,tva&Expires=1744091023&ssig=YbkYTIo9gF",Â·åŠªP,https://weibo.com/u/1964175345,0
5153103716553780,2,5,1,å±±ä¸œ,ä»Šå¤©ä¸Šåˆï¼Œé™ªå¤«äººå»æ¤ç‰©å›­èµèŠ±ã€‚æ¤ç‰©å›­é‡Œçš„äºŒæœˆå…°ç››å¼€äº†ï¼Œéƒé‡‘é¦™ä¹Ÿç››å¼€äº†ï¼Œè¿™é‡Œç®€ç›´æ˜¯èŠ±æµ·ã€‚æ¥è¿™é‡Œæ‰“å¡èµèŠ±çš„äººç»œç»ä¸ç»ï¼Œè¿˜æœ‰å¥½å¤šæ¥è·³å¹¿åœºèˆçš„ã€æ‰“å¤ªææ‹³çš„ã€å”±æ­Œçš„ã€æ¼”å¥ä¹å™¨çš„ç­‰ï¼ŒçœŸæ˜¯ä¸€ä¸ªçƒ­é—¹çš„å¥½åœ°æ–¹ï¼  â€‹,212,2025-04-08,åŒåŸ,https://weibo.com/1201172984/Pmht9ruW8,"https://tvax2.sinaimg.cn/crop.0.0.472.472.180/479871f8ly8h14dkgo5uyj20d40d4aae.jpg?KID=imgbed,tva&Expires=1744091023&ssig=wWvzVu3B61",å¢¨æ²³èˆ¹å¤«,https://weibo.com/u/1201172984,0
5151856906469505,449,43,19,å±±ä¸œ,é’å²›çœŸçš„å¤ªç¾å•¦  â€‹,34,2025-04-04,åŒåŸ,https://weibo.com/3249263154/PlL2ar90R,"https://tvax4.sinaimg.cn/crop.0.0.512.512.180/c1abd232ly8hy7kpr6us6j20e80e8t91.jpg?KID=imgbed,tva&Expires=1744091023&ssig=M0%2B6KTOHId",åŠ ä¸ªç…è›‹oo,https://weibo.com/u/3249263154,0
5153042363056332,0,1,0,å±±ä¸œ,#éšæ‰‹æ‹# ä»Šå¤©æœ‰ä¸ªæ™´å¤©å§â˜€ï¸å¸Œæœ›æ˜¯  â€‹,53,2025-04-08,åŒåŸ,https://weibo.com/2860791592/PmfSccP5G,"https://tvax2.sinaimg.cn/crop.0.0.1080.1080.180/aa843728ly8hj93ecsmcej20u00u0tc1.jpg?KID=imgbed,tva&Expires=1744091023&ssig=8eKGQIaou%2B",å¤å°”lydia,https://weibo.com/u/2860791592,0
5152800889111595,5,1,0,å±±ä¸œ,äº”ä¸€å®å®è·‘èµ·æ¥å¥½å—ï¼Œæˆ‘å¿«åšæŒä¸ä½äº†[è‰²] â€‹,38,2025-04-07,åŒåŸ,https://weibo.com/6594531901/Pm9AICeld,"https://tvax1.sinaimg.cn/crop.0.0.512.512.180/007chYZLly8hzp05oqj1yj30e80e8jrx.jpg?KID=imgbed,tva&Expires=1744091023&ssig=xA4rwsXOEY",rosyhooli,https://weibo.com/u/6594531901,0
5152881606923204,114,20,1,å››å·,ğŸ§ Ä±||Ä±Ä±Ä±||Ä±|è‡ªç”±åœ¨é¢¨è£¡ â€‹,30,2025-04-07,åŒåŸ,https://weibo.com/5996864335/PmbGUt32A,"https://tvax2.sinaimg.cn/crop.0.0.512.512.180/006xQemjly8i08hevbqbwj30e80e875d.jpg?KID=imgbed,tva&Expires=1744091023&ssig=0imhlzpc5j",å«é†’è€³æœµè®¡åˆ’,https://weibo.com/u/5996864335,0
5152581455971114,7,0,0,å±±ä¸œ,åˆ†äº«å›¾ç‰‡  â€‹,29,2025-04-06,åŒåŸ,https://weibo.com/7408756471/Pm3SNp3mi,"https://tvax3.sinaimg.cn/crop.0.0.512.512.180/0085oo07ly8hvtxf286g2j30e80e8q3u.jpg?KID=imgbed,tva&Expires=1744091023&ssig=6mk%2FujP0ya",é…¥ç‚¹_zayne,https://weibo.com/u/7408756471,0
5152830941036606,1,0,0,å±±ä¸œ,è‰¹ æœ‰æœ¬äº‹å¼€é™¤æˆ‘ æ•´å¤©bbb[good][good][good]æ‚¨æ˜¯è¿™ä¸ª â€‹,49,2025-04-07,åŒåŸ,https://weibo.com/5758940684/Pmanc4lFs,"https://tvax4.sinaimg.cn/crop.0.0.1039.1039.180/006hJVy4ly8hzgb8xids8j30sv0svgn3.jpg?KID=imgbed,tva&Expires=1744091023&ssig=cq%2Fj5Hl3N1",è›‹è›‹è›‹è›‹è›‹å·x,https://weibo.com/u/5758940684,0
5152748938462153,37,4,0,å±±ä¸œ,æ•´ä¸ªæµ·æ´‹ æ‘†åŠ¨ æŸ”è½¯åœ° ä¸¾èµ·æˆ‘ï½  â€‹,49,2025-04-07,åŒåŸ,https://weibo.com/5844438519/Pm8eVzvol,"https://tvax4.sinaimg.cn/crop.0.0.512.512.180/006nwFrply8huk1j6z2azj30e80e8gm1.jpg?KID=imgbed,tva&Expires=1744091023&ssig=32VNTWg5du",å’Œæˆ‘é€ƒåˆ°é»‘æš—çš„å°½å¤´,https://weibo.com/u/5844438519,0
5152872041023381,12,2,0,å±±ä¸œ,å‡Œæ™¨å››ç‚¹ æˆ‘çœ‹è§æµ·æ£ èŠ±æœªçœ   â€‹,46,2025-04-07,åŒåŸ,https://weibo.com/6016961813/Pmbru4ie9,"https://tvax4.sinaimg.cn/crop.0.0.512.512.180/006zcyDbly8hv1dhgmyc6j30e80e8gm0.jpg?KID=imgbed,tva&Expires=1744091026&ssig=wWvMzo7SVl",æºªæºªé…±i,https://weibo.com/u/6016961813,0
5152493446889907,416,48,0,å±±ä¸œ,å¾ˆæœŸå¾…åˆ«äººçš„å¯¹è±¡é™ªæˆ‘ä¸€æ•´å¤© â€‹,26,2025-04-06,åŒåŸ,https://weibo.com/7743409129/Pm1AQsUnx,"https://tvax1.sinaimg.cn/crop.0.0.512.512.180/008s2yrDly8hzmnhs0s0yj30e80e8dg5.jpg?KID=imgbed,tva&Expires=1744091026&ssig=1pLQYXNyHe",å…”ç±³æœµoo,https://weibo.com/u/7743409129,1
5150282632925659,9,6,1,å±±ä¸œ,å®å®å¼€é—¨å‘€s  â€‹,32,2025-03-31,åŒåŸ,https://weibo.com/7990520795/Pl651ch63,"https://tvax1.sinaimg.cn/crop.0.0.512.512.180/008ILptFly8i006l0c76sj30e80e8aah.jpg?KID=imgbed,tva&Expires=1744091026&ssig=ot4TRvM0K9",djjdjdiè€å¸ˆ,https://weibo.com/u/7990520795,0
5152931092896248,126,34,2,å±±ä¸œ,ç©¿æ——è¢å¼€è½¦æ˜¯çœŸéš¾å—æµ‘èº«ç´§ç»·[æ‹œæ‹œ] â€‹,32,2025-04-07,åŒåŸ,https://weibo.com/5228931468/PmcYJc9rG,"https://tvax3.sinaimg.cn/crop.0.0.1080.1080.180/005HS3Wkly8hmigrzllywj30u00u0adb.jpg?KID=imgbed,tva&Expires=1744091026&ssig=3MUnG3Z8BO",ä¸€åªå´½y,https://weibo.com/u/5228931468,0
5149822715428939,10,4,0,å±±ä¸œ,çœ‹å‡Œæ™¨ä¸‰ç‚¹çš„æµ·  â€‹,35,2025-03-30,åŒåŸ,https://weibo.com/6690804001/PkU7dmMjx,"https://tvax3.sinaimg.cn/crop.0.0.871.871.180/007iNVLzly8hngkw2sbb1j30o70o7jsv.jpg?KID=imgbed,tva&Expires=1744091026&ssig=54WQP2OCTQ",JyuJyuo,https://weibo.com/u/6690804001,0
5152753191225334,3,2,0,å±±ä¸œ,å“ˆå“ˆå“ˆå“ˆå“ˆå“ˆå“ˆå“ˆå“ˆå“ˆå“ˆå“ˆå“ˆzywæ˜¯æˆ‘ç§˜å¯†å°å¤©åœ°[å“ˆå“ˆ][å“ˆå“ˆ][å“ˆå“ˆ][å“ˆå“ˆ][å“ˆå“ˆ][å“ˆå“ˆ] â€‹,79,2025-04-07,åŒåŸ,https://weibo.com/5663285250/Pm8lN58Ls,"https://tvax4.sinaimg.cn/crop.0.0.1080.1080.180/006bgzculy8hyd60d0d38j30u00u00ut.jpg?KID=imgbed,tva&Expires=1744091026&ssig=b21X2KxbXR",é±¼ä»€ä¹ˆå•Šé±¼,https://weibo.com/u/5663285250,0
5152813315787115,115,14,0,å®‰å¾½,"æ•´ç‚¹liveçœ‹çœ‹ 
ç»´å¯†è¿™ä¸ªå†…è¡£çœŸçš„ä¾¿å®œåˆå¥½ç©¿uuä»¬ â€‹",44,2025-04-07,åŒåŸ,https://weibo.com/5124728899/Pm9ULohuz,"https://tvax3.sinaimg.cn/crop.0.0.512.512.180/005AOQ5Jly8gbi4v79dvmj30e80e83z3.jpg?KID=imgbed,tva&Expires=1744091026&ssig=AVRt8cQgSD",Yyyy-8888888,https://weibo.com/u/5124728899,0
5149668339354120,75,8,1,å±±ä¸œ,å¬æ­Œ  â€‹,24,2025-03-29,åŒåŸ,https://weibo.com/6625186279/PkQ6dDfqU,"https://tvax2.sinaimg.cn/crop.0.0.663.663.180/007emBBdly8heozm98swcj30if0ifdgq.jpg?KID=imgbed,tva&Expires=1744091026&ssig=W8yv6pCa0q",æ­£å„¿å…«ç»çš„å°‘å¹´h,https://weibo.com/u/6625186279,0
5152727069362669,2,1,0,å±±ä¸œ,"å•èº«ä¹…äº†ï¼Œå‘ç°æ ¹æœ¬ä¸çŸ¥é“æ€ä¹ˆå’Œç”·æ€§å»ºç«‹ç¾ç»Šï¼Œä¹Ÿä¸çŸ¥é“è°ˆæ‹çˆ±åº”è¯¥æ€ä¹ˆè°ˆï¼Œä¹Ÿä¸çŸ¥é“è®¤è¯†å¤šä¹…æ‰å¼€å¯è°ˆæ‹çˆ±é˜¶æ®µã€‚
æ„Ÿè§‰å¥½éº»çƒ¦å•Šã€‚[ä¼¤å¿ƒ] â€‹",125,2025-04-07,åŒåŸ,https://weibo.com/7282840511/Pm7FEDhEN,"https://tvax3.sinaimg.cn/crop.0.0.1080.1080.180/007WS3vxly8hn5o1urcv0j30u00u0tbe.jpg?KID=imgbed,tva&Expires=1744091026&ssig=ZpeQaKnDk5",é£˜è¡åœ¨äººé—´çš„æ¸¸é­‚,https://weibo.com/u/7282840511,0
5152501763673318,35,4,0,å±±ä¸œ,åˆæ˜¯ä¸€å¹´çš„ç‰å…°èŠ±  â€‹,37,2025-04-06,åŒåŸ,https://weibo.com/5629605767/Pm1OgfpB4,"https://tvax3.sinaimg.cn/crop.0.0.1080.1080.180/0068ZfD1ly8hy8c86hnl6j30u00u075v.jpg?KID=imgbed,tva&Expires=1744091026&ssig=iHCHVAB3dv",yué»›é»›,https://weibo.com/u/5629605767,0
5150198646704176,12353,150,405,å¹¿ä¸œ,å†·çŸ¥è¯†ï¼šä»Šå¹´å°±æœ‰25åäº†ï¼Œ25åçœ‹00åç›¸å½“äº00åçœ‹75åã€‚ â€‹â€‹â€‹,59,2025-03-31,çƒ­é—¨,https://weibo.com/2589483787/Pl3Tys83S,"https://tvax2.sinaimg.cn/crop.0.0.1024.1024.180/9a58630bly8hv5jfej1vpj20sg0sgdgl.jpg?KID=imgbed,tva&Expires=1744091619&ssig=9rMPhZt1jJ",å°‘æŠ½è±¡,https://weibo.com/u/2589483787,0
5152850762793911,2048,124,9,æµ™æ±Ÿ,é¦™æ¸¯å¾ˆå‡ºç‰‡[å¹²é¥­äºº] â€‹,18,2025-04-07,çƒ­é—¨,https://weibo.com/5995050396/PmaTabIP5,"https://tvax4.sinaimg.cn/crop.0.0.1080.1080.180/006xICtely8hyeu6n7d69j30u00u0ju8.jpg?KID=imgbed,tva&Expires=1744091619&ssig=uIwKHItrRj",é«˜ç¾ä¸½-Gaomeili_,https://weibo.com/u/5995050396,0
5149963802906539,2211,80,39,æ±Ÿè‹,å½“ä½ è¯»ç ”ç¢°åˆ°ä¸€ç¾¤å¥½èˆå‹ å°±ä¼šéšæ—¶éšåˆ»ç»™ä½ æ‹æ‹æ‹ğŸ“¸  â€‹,69,2025-03-30,çƒ­é—¨,https://weibo.com/7658602032/PkXMMcc7F,"https://tvax2.sinaimg.cn/crop.0.0.512.512.180/008miIfely8hpos8indhfj30e80e8q3h.jpg?KID=imgbed,tva&Expires=1744091619&ssig=BTk2ZlxYzj",ç²¥ç²¥é±¼ç²¥ç²¥,https://weibo.com/u/7658602032,0
5150292329889866,5460,45,271,æ²³åŒ—,å¦‚æœä½ ä¹Ÿå–œæ¬¢è“è‰²ğŸ’™ â€‹,23,2025-03-31,çƒ­é—¨,https://weibo.com/6373288346/Pl6kEFuNY,"https://tvax4.sinaimg.cn/crop.0.0.1080.1080.180/006XjFrkly8hzr77g1msrj30u00u0n1j.jpg?KID=imgbed,tva&Expires=1744091619&ssig=C9YW9UpMxC",éº¦éº¦Daily,https://weibo.com/u/6373288346,1
5152470426718768,5781,267,58,æ²³åŒ—,äº²çˆ±çš„æœ‹å‹ï¼Œè¯·æ‚¨é©»è¶³å‡ ç§’é’Ÿï¼Œä¸ºæˆ‘ä»¬æ•¬çˆ±çš„æœ±è€æ€»é€ä¸Šé²œèŠ±ï¼Œé€ä¸Šç¥ç¦å§ï¼â€‹â€‹â€‹,74,2025-04-06,çƒ­é—¨,https://weibo.com/5074648251/Pm0ZIsbRe,"https://tvax2.sinaimg.cn/crop.0.0.996.996.180/005xqHPlly8gdin8jkyjaj30ro0ro76q.jpg?KID=imgbed,tva&Expires=1744091619&ssig=TN1%2BfRRYkS",æš´å“¥æ­£èƒ½é‡,https://weibo.com/u/5074648251,1
5151715734848156,3423,45,274,æ¹–å—,å¦‚æœ4æœˆä¸€å®šè¦ç¢°å£çš„è¯ é‚£æˆ‘å¸Œæœ›æ˜¯äººæ°‘å¸ â€‹,38,2025-04-04,çƒ­é—¨,https://weibo.com/2913767243/PlHmtkle4,"https://tvax4.sinaimg.cn/crop.0.0.512.512.180/adac8f4bly8h9r4fu0xvfj20e80e8mx4.jpg?KID=imgbed,tva&Expires=1744091619&ssig=XGMjV1ILY0",æ¡ƒå­æ¤°æ¤°å†°-,https://weibo.com/u/2913767243,0
5150975863030307,82475,16611,96722,ç‘å£«,ä¸‡ç‰©éƒ½æ˜¯è‡ªç”±è¯—ã€‚ â€‹,16,2025-04-02,çƒ­é—¨,https://weibo.com/1827683445/Plo78cIjV,"https://tvax3.sinaimg.cn/crop.0.0.512.512.180/001ZGLXfly8h3a013atdlj60e80e8q3702.jpg?KID=imgbed,tva&Expires=1744091619&ssig=iX1HbIyNJP",å¼ è‹¥æ˜€,https://weibo.com/u/1827683445,0
