articleId,created_at,like_counts,region,content,authorName,authorGender,authorAddress,authorAvatar
5153058451884301,2025-04-08,0,æ±Ÿè‹,æœ‰å¤šå°‘å¤œæ¢¦ï¼Œä¸ºä½ ç€è¿·ã€‚,ç†Šä»”æ•°ç ,m,å…¶ä»–,"https://tvax3.sinaimg.cn/crop.0.0.750.750.180/006GkihCly8herrsk78ssj30ku0kuwfp.jpg?KID=imgbed,tva&Expires=1744091027&ssig=Eroz2LRAcu"
5153058451884301,2025-04-08,0,æ±Ÿè‹,å½“ä½ åœ¨çš„æ—¶å€™ï¼Œä½ æ˜¯ä¸€åˆ‡ï¼›å½“ä½ ä¸åœ¨çš„æ—¶å€™ï¼Œä¸€åˆ‡éƒ½æ˜¯ä½ ï¼,å…¬ç›Šé¢†è·¯äºº,m,ä¸Šæµ·,"https://tvax2.sinaimg.cn/crop.0.0.1080.1080.180/006nppNXly8hqptg26y73j30u00u0myb.jpg?KID=imgbed,tva&Expires=1744091027&ssig=X1c1isux9l"
5153058451884301,2025-04-08,0,æ±Ÿè‹,éƒ½æ€•æ‰‘ç©ºï¼Œéƒ½åœ¨è¡¡é‡ã€‚,ä¸Šæµ·å¤´æ¡æ­£èƒ½é‡,f,ä¸Šæµ·,"https://tvax1.sinaimg.cn/crop.0.0.410.410.180/007dWLaEly8gfshglsr3zj30be0beq3y.jpg?KID=imgbed,tva&Expires=1744091027&ssig=Hqtx3B0H7S"
5153058451884301,2025-04-08,0,æ±Ÿè‹,ä»¥æˆ‘çš„åä¹‰ï¼Œå† ä¸Šä½ çš„æŒ‡å°–ï¼Œä¸€ç”Ÿç›¸ä¼´ï¼Œä¸€ç”Ÿç›¸ä¼´ã€‚,å…¬ç›Šé›†ç»“å·,m,äº‘å—,"https://tvax1.sinaimg.cn/crop.0.0.450.450.180/005PxRROly8hyfyn3yrwnj30ci0cijrr.jpg?KID=imgbed,tva&Expires=1744091027&ssig=AJSGIpNS1u"
5153058451884301,2025-04-08,0,æ±Ÿè‹,å½ªæ‚çš„äººç”Ÿæ— é¡»è§£é‡Šï¼Œæ´»ï¼Œå°±è¦æ´»å‡ºè‡ªå·±çš„éœ¸æ°”ã€‚,å»ºååŒå­¦,f,æ±Ÿè‹,"https://tvax3.sinaimg.cn/crop.0.0.1080.1080.180/006jyaW7ly8hzj23of3paj30u00u0406.jpg?KID=imgbed,tva&Expires=1744091027&ssig=3BM5gr8ZiH"
5153058451884301,2025-04-08,0,æ²³å—,[èµ]è‡´æ•¬,æ‹“è’è€…è¯­å½•,m,æ²³å—,"https://tvax4.sinaimg.cn/crop.0.0.720.720.180/008yfKyPly8hdg3ekdyjgj30k00k03yx.jpg?KID=imgbed,tva&Expires=1744091027&ssig=XCY4LAzZDA"
5153058451884301,2025-04-08,0,åŒ—äº¬,è‡´æ•¬[é²œèŠ±],ç”¨æˆ·7487705274,f,å…¶ä»–,"https://tvax1.sinaimg.cn/default/images/default_avatar_female_180.gif?KID=imgbed,tva&Expires=1744091027&ssig=vsJXnHPO4k"
5153058451884301,2025-04-08,0,åŒ—äº¬,è‡´æ•¬,ä»Šå¤•ä½•å¤•_August0802,f,æµ·å¤–,"https://tva3.sinaimg.cn/crop.0.40.293.293.180/eb484a4ejw8ebrnw22xqpj20850ae0t6.jpg?KID=imgbed,tva&Expires=1744091027&ssig=rExQABtKa%2F"
5153058451884301,2025-04-08,0,å±±ä¸œ,[èœ¡çƒ›][èœ¡çƒ›][èœ¡çƒ›]è‡´æ•¬,80åå…°èŠ±,f,å±±ä¸œ,"https://tvax1.sinaimg.cn/crop.0.0.1342.1342.180/005UbUVdly8fjd1raflf9j311a11a0yn.jpg?KID=imgbed,tva&Expires=1744091027&ssig=GoQrpaMej%2F"
5153058451884301,2025-04-08,0,æ²³åŒ—,é»˜å“€,ç”¨æˆ·7879919432,f,å…¶ä»–,"https://tvax1.sinaimg.cn/default/images/default_avatar_female_180.gif?KID=imgbed,tva&Expires=1744091027&ssig=vsJXnHPO4k"
5153058451884301,2025-04-08,0,æ±Ÿè‹,å‘è‹±é›„é™ˆé”¡åè‡´æ•¬ï¼Œä»–çš„ç‰ºç‰²å’Œå¥‰çŒ®ç²¾ç¥å°†æ°¸è¿œé“­è®°åœ¨æˆ‘ä»¬å¿ƒä¸­ã€‚ğŸ™,å–„ä¸¾çš„åŠ›é‡V,f,å±±ä¸œ,"https://tvax2.sinaimg.cn/crop.0.0.500.500.180/c43bb4f5ly8hyfz7gcmn6j20dw0dwq31.jpg?KID=imgbed,tva&Expires=1744091027&ssig=zfZR2vWCHT"
5153058451884301,2025-04-08,0,æ±Ÿè‹,æ²¡æœ‰ç»“æœçš„äº‹å†ä¹Ÿä¸èƒ½åŠ¨æ‘‡æˆ‘ã€‚,ç»¿è‰²ç¯ä¿å…¬ç›Šè¡Œ,m,å…¶ä»–,"https://tvax1.sinaimg.cn/crop.0.0.253.253.180/007e3IhPly8hyfzoxvmyjj30710713ye.jpg?KID=imgbed,tva&Expires=1744091027&ssig=9QtKxkCoGB"
5153058451884301,2025-04-08,0,æ¹–åŒ—,è‡´æ•¬è‹±é›„,æœˆè¯©6521752263,f,æ¹–åŒ—,"https://tvax1.sinaimg.cn/default/images/default_avatar_female_180.gif?KID=imgbed,tva&Expires=1744091027&ssig=vsJXnHPO4k"
5153058451884301,2025-04-08,0,å±±ä¸œ,å‘è‹±é›„è‡´æ•¬,å°ç½—çš„å¨˜,m,å…¶ä»–,"https://tvax4.sinaimg.cn/crop.0.0.110.132.180/007Cjbmgly4fzpjlht67fj303203oglg.jpg?KID=imgbed,tva&Expires=1744091027&ssig=PehC0g5qb7"
5153058451884301,2025-04-08,0,å¹¿è¥¿,ğŸ™ğŸ™ğŸ™,ä¸€æœˆçš„ä¸‰è‰²ç´«ç½—å…°,f,å¹¿è¥¿,"https://tvax3.sinaimg.cn/crop.0.0.1080.1080.180/005LBUL6ly8hn84jhi5qjj30u00u0411.jpg?KID=imgbed,tva&Expires=1744091027&ssig=tdWnDC%2FLI3"
5151240067221734,2025-04-03,93,æµ™æ±Ÿ,é‚£æ˜¯åœ¨å¤§åŸå¸‚å‘†ä¹…äº†åŒå€¦äº†ï¼Œæ‰ä¼šè§‰å¾—è€å®¶å¥½å§ï¼ä¸ç„¶å¦‚æœå½“ä½ å¦‚æœä¸€è¾ˆå­éƒ½å‘†åœ¨å†œæ‘ï¼Œè·³ä¸å‡ºè¿™ä¸ªåœˆå­ï¼Œæ¯å¤©è·ŸèšŠå­é¸¡å±å°¿é¸Ÿå±ï¼Œå„ç§å‘†ä¸€èµ·ï¼Œå°±ä¸ä¼šè§‰å¾—å†œæ‘æ˜¯è§£è¯äº†[ç¬‘cry],é£è¯­ç¥,f,æµ™æ±Ÿ,"https://tvax1.sinaimg.cn/crop.0.0.800.800.180/9fc28b09ly8hyazuort2sj20m80m8di5.jpg?KID=imgbed,tva&Expires=1744091028&ssig=vR5WMB8s2Y"
5151240067221734,2025-04-03,42,ç¦å»º,æ€•å›è€å®¶ï¼Œé‚£é‡Œçš„äººæ²¡æœ‰äººæƒ…å‘³ï¼Œç”šè‡³æ²¡æœ‰äººæ€§ï¼Œåªæœ‰å«‰å¦’æ¨ï¼Œè§ä¸å¾—åˆ«äººå¥½ã€‚,å¤œé›¨é˜‘çŠäººä¸çœ ,f,å…¶ä»–,"https://tvax4.sinaimg.cn/crop.0.0.690.690.180/007LLm8Wly8i06ee8hl2rj30j60j6q3j.jpg?KID=imgbed,tva&Expires=1744091028&ssig=DCccieKHSI"
5151240067221734,2025-04-03,13,å¹¿ä¸œ,æœ‰å¤å¤©çš„å‘³é“äº†,é˜…è¯»æ‰‹å†Œ,f,æµ·å¤–,"https://tva2.sinaimg.cn/crop.0.0.160.160.180/d8600879jw8earvs2zwk5j204g04gwee.jpg?KID=imgbed,tva&Expires=1744091028&ssig=SHr%2FiT04yd"
5151240067221734,2025-04-04,13,å››å·,å¹¶ä¸æ˜¯æ¯ä¸ªäººçš„è€å®¶éƒ½æ˜¯ æœ‰äº›äººçš„è€å®¶æ˜¯ç—›è‹¦çš„å¼€å§‹,æ—…æ¸¸ç§‘é•¿,m,äº‘å—,"https://tva2.sinaimg.cn/crop.6.0.499.499.180/63adf688jw8f6359gyujhj20e80dvmxl.jpg?KID=imgbed,tva&Expires=1744091028&ssig=hvanDzyhVW"
5151240067221734,2025-04-03,8,å››å·,é£æ™¯çœŸç¾ã€‚æˆ‘è€å®¶äººå®¶æŒ¨äººå®¶ï¼Œæ°‘é£ä¸å¥½ï¼Œæ‰€ä»¥å»åˆ°ä¸€ä¸ªæ°‘é£æ·³æœ´å“ªæ€•æ˜¯é™Œç”Ÿçš„åœ°æ–¹æ›´èƒ½è§£å‹ã€‚,è°¨è¨€æ…è¡Œå´åšä¸åˆ°çš„çŒªçŒª,f,å››å·,"https://tvax1.sinaimg.cn/crop.0.0.1002.1002.180/00206D2Oly8gu8eobmpjzj60ru0ru76c02.jpg?KID=imgbed,tva&Expires=1744091028&ssig=J87kdL5ROJ"
5151240067221734,2025-04-03,0,å¹¿ä¸œ,[å¿ƒ],è§£å¿§å°ç“¶ç›–,f,å¹¿ä¸œ,"https://tvax2.sinaimg.cn/crop.0.0.440.440.180/b85fc079ly8fm98kpa81nj20c80c874d.jpg?KID=imgbed,tva&Expires=1744091028&ssig=AcroYHVIc5"
5151240067221734,2025-04-03,1,ä¸Šæµ·,@æ‹§å‘æ¡é¸Ÿ1302 å¥½å¥½çš„,æˆ‘æ˜¯å¤§é‡‘å•Š_,f,ä¸Šæµ·,"https://tvax1.sinaimg.cn/crop.0.0.512.512.180/e4f8716fly8hl02weh5z4j20e80e8q3h.jpg?KID=imgbed,tva&Expires=1744091028&ssig=izYlOTdNFx"
5151240067221734,2025-04-03,1,è¾½å®,è°æœ‰è¿™æ ·çš„è€å®¶è”ç³»æˆ‘,æŸ’æŸ’æŒæŒss,f,ä¸Šæµ·,"https://tvax1.sinaimg.cn/crop.0.0.1000.1000.180/6d27b919ly8hyvnfo5j59j20rs0rsq4u.jpg?KID=imgbed,tva&Expires=1744091028&ssig=goOuF1X0Ng"
5151240067221734,2025-04-03,4,æ²³å—,å¾ˆå¹²å‡€çš„æ»¤é•œ,é†’å®¢Thinker,m,æ²³å—,"https://tvax4.sinaimg.cn/crop.0.0.1080.1080.180/6e0996fdly8hzlg3munuwj20u00u0dl0.jpg?KID=imgbed,tva&Expires=1744091028&ssig=gVPQKZvk4E"
5151240067221734,2025-04-05,1,å¹¿ä¸œ,ç¾çš„ç§»ä¸å¼€çœ¼ç›ï¼Œæ˜¯ç«¥å¹´çš„ç¾å¥½è®°å¿†ï¼Œèƒ½æ²»æ„ˆä¸€è¾ˆå­çš„é£æ™¯,è±†è±†é›¶BB,f,å…¶ä»–,"https://tvax1.sinaimg.cn/crop.0.0.512.512.180/92510627ly8hz1ue4ae1fj20e80e8mxr.jpg?KID=imgbed,tva&Expires=1744091028&ssig=1kyrS46ueJ"
5151240067221734,2025-04-05,0,äº‘å—,è¿™ä¸ªå­£èŠ‚è¿˜æœ‰æŸ¿å­å—ï¼Ÿ,è¿½å…‰å°é»‘å¨…,f,å…¶ä»–,"https://tvax2.sinaimg.cn/crop.0.0.664.664.180/007v8HDMly8g64x7xibu1j30ig0igwfa.jpg?KID=imgbed,tva&Expires=1744091028&ssig=3Zmk7Yrje6"
5151240067221734,2025-04-04,0,å¹¿ä¸œ,å¿ƒçµæ²»æ„ˆç³» è€å®¶,å´æ”¿è½©274905,m,å¹¿ä¸œ,"https://tvax2.sinaimg.cn/crop.0.0.960.960.180/cd1cadecly8hzr7u0rhtfj20qo0qotbd.jpg?KID=imgbed,tva&Expires=1744091028&ssig=ZOapI4SELF"
5151240067221734,2025-04-03,0,æ±Ÿè¥¿,@JLMMQZLS,Answerç›¸ä¾86014,f,å…¶ä»–,"https://tvax1.sinaimg.cn/crop.0.0.1080.1080.180/0079SJbmly8hzkwja3y8dj30u00u0wgs.jpg?KID=imgbed,tva&Expires=1744091028&ssig=bxKyyxp%2BLQ"
5151240067221734,2025-04-05,0,æ¹–åŒ—,@é‡‘æ¯›è›‹é»„æ˜¯ä¸ªå¤§å¦,é¡ºå¤§è¿_,f,æ¹–åŒ—,"https://tvax1.sinaimg.cn/crop.0.0.1080.1080.180/663bed77ly8hvf54iti6cj20u00u0wh5.jpg?KID=imgbed,tva&Expires=1744091028&ssig=rcb82jRdQc"
5151240067221734,2025-04-04,0,é™•è¥¿,@iPTF14hls @å°æºªstreamå•Šå•Šå•Šå•Šå•Šå•Š @RainUnderTheMoonlight è°å¸®æˆ‘å†è‰¾ç‰¹ä¸‹å°æ½˜æ¥çœ‹ æˆ‘æ‰¾ä¸åˆ°äº†,wwå¥½åƒå¾ˆå¥½åƒ,f,å…¶ä»–,"https://tvax2.sinaimg.cn/crop.0.17.566.566.180/007fOUvily8hwjn8nuqclj30fq0goaai.jpg?KID=imgbed,tva&Expires=1744091028&ssig=wAJiNTvQZB"
5151240067221734,2025-04-07,0,è¾½å®,@å±å•Š666 æœ‰å¤–å©†å®¶çš„æ„Ÿè§‰,-å¥‡é‡å¥‡é‡-,f,åŒ—äº¬,"https://tvax1.sinaimg.cn/crop.0.0.1000.1000.180/007OO5bFly8hin4qc5pcuj30rs0rsacb.jpg?KID=imgbed,tva&Expires=1744091028&ssig=QgV2sO0f2G"
5151240067221734,2025-04-03,0,åŒ—äº¬,@ç›æ©˜æ±½æ°´ä¸‰åˆ†ç”œ æƒ³å›å®¶,å®è´åƒçš„å°è¿·å¦¹,f,æµ·å¤–,"https://tvax2.sinaimg.cn/crop.0.0.996.996.180/005BZNzGly8fyy5xby5eej30ro0romzj.jpg?KID=imgbed,tva&Expires=1744091028&ssig=HE5r64sDAe"
5151240067221734,2025-04-03,1,å¹¿è¥¿,å¥½æƒ³å­¦æ ¡å°±åœ¨è¿™ç§ç¯å¢ƒ,æ¡ƒ_acc,f,å¹¿è¥¿,"https://tvax4.sinaimg.cn/crop.0.0.497.497.180/006V1Am5ly8hvrf1n0m91j30dt0dtaau.jpg?KID=imgbed,tva&Expires=1744091028&ssig=4Dw0z%2FCVrh"
5151240067221734,2025-04-03,0,å››å·,@wonderfulå˜»å˜»,ä¸åä¸å€šVxyE,f,å››å·,"https://tvax1.sinaimg.cn/crop.0.0.1080.1080.180/976e1f8fly8hoae9shuoxj20u00u0q9l.jpg?KID=imgbed,tva&Expires=1744091028&ssig=6rZybeLtHq"
5151240067221734,2025-04-03,0,è¾½å®,@æä¼¯ä¼¯æ¥äº†,ç”œç”œå·å·b,f,è¾½å®,"https://tvax1.sinaimg.cn/crop.0.0.960.960.180/006jM2Zqly8hymvemdagcj30qo0qomz5.jpg?KID=imgbed,tva&Expires=1744091028&ssig=eNxqAbYQC0"
5153071811266875,2025-04-08,1,å±±è¥¿,æ¥è´¢,æ…¢èŠ‚å¥-Y,f,å…¶ä»–,"https://tvax2.sinaimg.cn/crop.0.0.1080.1080.180/008zStbbly8hzsdz5dcq8j30u00u0go1.jpg?KID=imgbed,tva&Expires=1744091029&ssig=qpby1S2bHH"
5153071811266875,2025-04-08,0,å¹¿ä¸œ,ğŸ™ğŸ™ğŸ™,åƒåƒ_åƒé¥±äº†,f,åŒ—äº¬,"https://tvax4.sinaimg.cn/crop.0.0.512.512.180/008hu7ONly8hzgt01tj10j30e80e8mxr.jpg?KID=imgbed,tva&Expires=1744091029&ssig=EadxpjWxZw"
5153071811266875,2025-04-08,0,æµ™æ±Ÿ,æ¥åè´¢[æ³ª],çˆ±åƒé¦™èœçš„ä¸¸å­å¤´å–,f,è¾½å®,"https://tvax1.sinaimg.cn/crop.0.0.828.828.180/0082Rm18ly8h3cvkjx9agj30n00n0wgp.jpg?KID=imgbed,tva&Expires=1744091029&ssig=vkrZ17iKo8"
5153071811266875,2025-04-08,0,å‰æ—,ğŸ™ğŸ™ğŸ™,ç‹®å­åº§__66ç¬,f,è¾½å®,"https://tvax3.sinaimg.cn/crop.0.15.750.750.180/0061hg8Kly8fexozfgxexj30ku0lpwfo.jpg?KID=imgbed,tva&Expires=1744091029&ssig=fcMbuRYsoH"
5153071811266875,2025-04-08,0,æ±Ÿè¥¿,æ¥æ¥æ¥æ¥æ¥æ¥æ¥æ¥,å”æœé£ç¿”,m,å…¶ä»–,"https://tvax2.sinaimg.cn/crop.0.0.132.132.180/007BRU1Vly4fzik3a1qs9j303o03ojr6.jpg?KID=imgbed,tva&Expires=1744091029&ssig=C30eDvER9V"
5150757570741058,2025-04-01,162,å¤©æ´¥,[é²œèŠ±][é²œèŠ±][é²œèŠ±],æ¼”å‘˜å±…ç¨,m,åŒ—äº¬,"https://tvax1.sinaimg.cn/crop.0.0.1080.1080.180/63299290ly8hadvlybdgrj20u00u0gqd.jpg?KID=imgbed,tva&Expires=1744091030&ssig=byP09x8YGj"
5150757570741058,2025-04-01,279,å¹¿ä¸œ,æµ®å…‰[é€èŠ±èŠ±]å¥½ç¾å¥½å¬@å¡å¸ƒå»_å‘¨æ·±,çƒ¤å¸ƒè•¾èŠå£«ä¸€å®šå¾ˆå¥½åƒ,f,å¹¿ä¸œ,"https://tvax3.sinaimg.cn/crop.0.0.1080.1080.180/007ZgIoDly8i08p2s2ayjj30u00u0ab4.jpg?KID=imgbed,tva&Expires=1744091030&ssig=SGDUl9EaNJ"
5150757570741058,2025-04-01,250,å››å·,æµ®å…‰æ å½±[å“‡],æˆ‘å¦ˆå«æˆ‘å¸¦å‘¨æ·±å›å®¶æ¬¡é¥­å»-,f,è´µå·,"https://tvax1.sinaimg.cn/crop.0.0.796.796.180/005UxTqqly8hp81kkrwapj30m40m4aav.jpg?KID=imgbed,tva&Expires=1744091030&ssig=xdcKTq2UMf"
5150757570741058,2025-04-01,221,å±±ä¸œ,æµ®å…‰æ å½±é‡å±±å½©äº‘é—´ï½æ¥å¥½è¿[å¥½è¿è¿è¿][å¥½è¿è¿è¿][å¥½è¿è¿è¿],èŒ«èŒ«æ˜Ÿæ²³é‡Œçš„æ˜Ÿæ˜Ÿ,f,æµ™æ±Ÿ,"https://tvax4.sinaimg.cn/crop.0.0.1080.1080.180/0088WUrrly8hu4npp16fxj30u00u0ad0.jpg?KID=imgbed,tva&Expires=1744091030&ssig=5nlQTSo3hc"
5150757570741058,2025-04-01,208,å››å·,æµ®å…‰æ å½±åŒå†™æ²§æµ·æ¡‘ç”°â¤ï¸@å¡å¸ƒå»_å‘¨æ·±,å¤œæ·±å¬é›¨çš†ä¸è¯­,f,å››å·,"https://tvax1.sinaimg.cn/crop.0.0.512.512.180/006QgGgAly8hhbpu3y804j30e80e8dgm.jpg?KID=imgbed,tva&Expires=1744091030&ssig=NTdWSYwKP%2B"
5150757570741058,2025-04-01,170,æ²³å—,æµ®å…‰æ å½±ï½æ¥å¥½è¿,æµ…å°ä¸€å£ç²¥å¯å¯_,f,æ²³å—,"https://tvax4.sinaimg.cn/crop.0.0.1080.1080.180/006Tikhdly8hw6nni8ptlj30u00u0jvg.jpg?KID=imgbed,tva&Expires=1744091030&ssig=bW7ma6vB4u"
5150757570741058,2025-04-01,139,é™•è¥¿,#å‘¨æ·±[è¶…è¯]#å¥½ç¾ï¼æµ®å…‰æ å½±é‡å±±å½©äº‘é—´ï½,å¥½æŸ¿è±†èŠ±ç”Ÿç²¥æ£®,f,é™•è¥¿,"https://tvax4.sinaimg.cn/crop.0.0.1078.1078.180/006zSxccly1hy42cvd4b6j30ty0tyacf.jpg?KID=imgbed,tva&Expires=1744091030&ssig=6CW8QlhT5B"
5150757570741058,2025-04-01,111,æ±Ÿè‹,æ˜¯å‘¨æ·±çš„æµ®å…‰å•Šï¼Œå¥½ç¾å‘€[å¿ƒ][å¿ƒ][å¿ƒ]#å‘¨æ·±[è¶…è¯]# #æ„šäººèŠ‚ç«™å§å›¢å»º# è°¢è°¢åˆ†äº«[æ‰“call]@å¡å¸ƒå»_å‘¨æ·±,æ¥çœ‹å°å¤ªé˜³å”±æ­Œå•¦,f,å…¶ä»–,"https://tvax4.sinaimg.cn/crop.0.0.1080.1080.180/008j97fjly8hxp9icufovj30u00u00xj.jpg?KID=imgbed,tva&Expires=1744091030&ssig=eeb5PwXjHO"
5150757570741058,2025-04-01,108,æ¹–åŒ—,æ¥å¥½è¿[æŠ±ä¸€æŠ±],åºåˆ—äºŒYQ,f,å…¶ä»–,"https://tvax2.sinaimg.cn/crop.0.0.1080.1080.180/e5ad0f05ly8hvtoy9wyo1j20u00u0wgn.jpg?KID=imgbed,tva&Expires=1744091030&ssig=LPyys6kTgV"
5150757570741058,2025-04-01,99,æ¾³å¤§åˆ©äºš,æ¥å¥½è¿[é¼“æŒ],wodeå…¬ä¸»æ®¿ä¸‹,f,å¹¿ä¸œ,"https://tvax2.sinaimg.cn/crop.0.0.1080.1080.180/0080wN7nly8hzwvhyum6lj30u00u0q4m.jpg?KID=imgbed,tva&Expires=1744091030&ssig=Ayo0LW9Pxx"
5150757570741058,2025-04-01,76,åŒ—äº¬,å¥½å¬ï¼Œå¥½ç¾ï¼Œå¥½è¿ğŸ¶ğŸ€,èŒ‰ç„¶å¿†æ˜Ÿè¾°,f,å…¶ä»–,"https://tvax2.sinaimg.cn/crop.0.0.1080.1080.180/007T91eMly8i08vygqsj4j30u00u0ada.jpg?KID=imgbed,tva&Expires=1744091030&ssig=Xl334tx30f"
5150757570741058,2025-04-01,50,ä¸­å›½é¦™æ¸¯,å¥½ç¾çš„æµ®å…‰ï¼ï¼[æŠ±ä¸€æŠ±][æŠ±ä¸€æŠ±] @å¡å¸ƒå»_å‘¨æ·±,å¯çˆ±å·´æ‹‰éš†,f,å…¶ä»–,"https://tvax1.sinaimg.cn/crop.0.0.550.550.180/008a97n9ly8hszhei7q8vj30fa0faq3f.jpg?KID=imgbed,tva&Expires=1744091030&ssig=NBDQIC%2FI3x"
5150757570741058,2025-04-01,52,å±±ä¸œ,å¥½è¿è¿è¿[é€èŠ±èŠ±],æ¾æ¾å’²é¢åŒ…,m,å±±ä¸œ,"https://tvax1.sinaimg.cn/crop.0.0.1080.1080.180/008x3pgnly8i05yjehpacj30u00u0mzv.jpg?KID=imgbed,tva&Expires=1744091030&ssig=sb2bbih0lm"
5150757570741058,2025-04-01,44,æ–°åŠ å¡,æ­Œç¾æ™¯ç¾[å¥½å–œæ¬¢][å¥½å–œæ¬¢][å¥½å–œæ¬¢],æ¥è‡ªèŠ±å›­åŸå¸‚æ–°åŠ å¡,f,æµ·å¤–,"https://tvax2.sinaimg.cn/crop.0.0.1080.1080.180/0089j921ly8h70do4x5znj30u00u0ta1.jpg?KID=imgbed,tva&Expires=1744091030&ssig=kah0kTRCLd"
5150757570741058,2025-04-01,50,å±±ä¸œ,æµ®å…‰æ å½±é‡å±±å½©äº‘é—´ï½æ¥å¥½è¿[å¥½è¿è¿è¿][å¥½è¿è¿è¿][å¥½è¿è¿è¿] @å¡å¸ƒå»_å‘¨æ·±,æœªæ™-sunshine,f,å±±ä¸œ,"https://tvax4.sinaimg.cn/crop.0.0.1080.1080.180/006OzhBIly8hrqc8m9ab1j30u00u1aca.jpg?KID=imgbed,tva&Expires=1744091030&ssig=byaeZeuqPf"
5150757570741058,2025-04-01,40,æµ™æ±Ÿ,æ¥å¥½è¿[å½©è™¹å±][å½©è™¹å±],è¨˜èˆªæœˆä¸‹_Tbc_,f,æµ™æ±Ÿ,"https://tvax1.sinaimg.cn/crop.0.0.1076.1076.180/008p3yvcly8hxbcjn806pj30tw0tw40e.jpg?KID=imgbed,tva&Expires=1744091030&ssig=Gqk5XPEbre"
5150757570741058,2025-04-01,30,æ¹–åŒ—,æµ®å…‰æ å½±é‡å±±å½©äº‘é—´~,è¦ä¸å†ç†¬å¤œ-,f,æ¹–åŒ—,"https://tvax4.sinaimg.cn/crop.0.0.1080.1080.180/008znkQVly8i02ulkoz7uj30u00u0gon.jpg?KID=imgbed,tva&Expires=1744091030&ssig=BwL7SVTQOF"
5150757570741058,2025-04-01,27,å¹¿ä¸œ,å¤ªç¾äº†å¤ªå¥½å¬äº†ï¼[é²œèŠ±][é²œèŠ±][é²œèŠ±],æ»¡åœ°éƒ½æ˜¯é‡‘çš„æ¯›,f,å¹¿ä¸œ,"https://tvax3.sinaimg.cn/crop.0.0.634.634.180/a907ee83ly8i01l5ovdu6j20hm0hm0v7.jpg?KID=imgbed,tva&Expires=1744091030&ssig=87zXTWYPcZ"
5150757570741058,2025-04-01,25,æ²³åŒ—,å¤ªç¾äº†[awsl],ä¼Šäººå„¿é‡æƒ…,f,æ²³åŒ—,"https://tvax3.sinaimg.cn/crop.0.0.800.800.180/d12fade9ly8hocjn3q3uij20m80m8t9v.jpg?KID=imgbed,tva&Expires=1744091030&ssig=mhLtHZgRkx"
5150757570741058,2025-04-01,17,å¤©æ´¥,æ™šå®‰ğŸ’¤,ä¸œåçš„ç‰ç’ƒæˆ’,f,å¤©æ´¥,"https://tvax2.sinaimg.cn/crop.0.0.1080.1080.180/006M2aFlly8gksiytp9q0j30u00u03zw.jpg?KID=imgbed,tva&Expires=1744091030&ssig=mSWGjuh6bf"
5144128230526003,2025-03-14,157,æ¹–å—,è«å¥ˆçš„ç”»ç…§è¿›ç°å®,QT-å®‰å¦®Annie,f,å…¶ä»–,"https://tvax1.sinaimg.cn/crop.0.0.512.512.180/0072ZV0Uly8hzgvsrcbqnj30e80e8jru.jpg?KID=imgbed,tva&Expires=1744091031&ssig=4dj%2BLthS31"
5144128230526003,2025-03-15,73,å±±ä¸œ,é†‰åä¸çŸ¥å¤©åœ¨æ°´ï¼Œæ»¡èˆ¹æ¸…æ¢¦å‹æ˜Ÿæ²³[ä¸¾æ‰‹],æƒ³å‘ç–¯çš„å°æ—‹é¾Ÿ_,f,å±±ä¸œ,"https://tvax4.sinaimg.cn/crop.0.0.1040.1040.180/007NtQYMly8hyye16aibzj30sw0swn2e.jpg?KID=imgbed,tva&Expires=1744091031&ssig=Gl81lvWWPg"
5144128230526003,2025-03-15,2,åŒ—äº¬,å“ªé‡Œå‘€,çŒ«å°å§æœ‰ä¹æ¡å‘½,f,åŒ—äº¬,"https://tvax2.sinaimg.cn/crop.0.0.1080.1080.180/006ArwPrly8g7gu5sbo67j30u00u0n1a.jpg?KID=imgbed,tva&Expires=1744091031&ssig=%2B7xJOIZ7cX"
5144128230526003,2025-03-18,3,äº‘å—,å¥½å¥½çœ‹@é—®é¢˜å°‘å¹´ç­å¾·,å¥‡è¿¹åœåœå‘,f,äº‘å—,"https://tvax2.sinaimg.cn/crop.0.0.996.996.180/005N3vcXly8gl95lbf7a7j30ro0rognb.jpg?KID=imgbed,tva&Expires=1744091031&ssig=2w8VmVnO5J"
5144128230526003,2025-03-14,1,æ¹–å—,@å–œæ¬¢å¯¹ç€é•œå¤´ç¬‘ç€æ¯”è€¶ å¥½æ¼‚äº®ï¼,å°æ ‘å®-,f,æ¹–å—,"https://tvax2.sinaimg.cn/crop.0.0.750.750.180/007gCp4Zly8hyfw4my9vbj30ku0kuaat.jpg?KID=imgbed,tva&Expires=1744091031&ssig=HnzcHCJ0u3"
5144128230526003,2025-03-22,2,åŒ—äº¬,å¥½åƒæ˜¯æ¢¦é‡Œçš„é‚£ä¸ªåœ°æ–¹,æ˜¯å¨Ÿå¨Ÿç±³å•Š,f,æµ·å¤–,"https://tvax1.sinaimg.cn/crop.0.0.1080.1080.180/67aae8c8ly8hu3e16xnkaj20u00u079m.jpg?KID=imgbed,tva&Expires=1744091031&ssig=w81V2fDodv"
5144128230526003,2025-03-21,1,å®‰å¾½,[æ‰“call],å…«å¦çš„æ —å­,f,ç¦å»º,"https://tvax1.sinaimg.cn/crop.0.0.1080.1080.180/b126995dly8hz0qvqjdmjj20u00u0q6d.jpg?KID=imgbed,tva&Expires=1744091031&ssig=eYvrzHwyS5"
5144128230526003,2025-03-15,1,å¹¿è¥¿,å°±åƒè·¯è¾¹é‡åˆ°çš„ï¼Œçªç„¶èµ°è¿›ç”»é‡Œé¢ã€‚[å“‡],è–°ä¹‹ç¿¼,f,å¹¿è¥¿,"https://tva2.sinaimg.cn/crop.0.0.180.180.180/6cf5a665jw1e8qgp5bmzyj2050050aa8.jpg?KID=imgbed,tva&Expires=1744091031&ssig=PfOqbdcYHn"
5144128230526003,2025-03-14,2,å®å¤,[å“‡],æ ¹æœ¬ç¡ä¸å¿ƒ,f,å…¶ä»–,"https://tvax3.sinaimg.cn/crop.0.0.1080.1080.180/008llwoDly8hyrfwwzxg5j30u00u00wa.jpg?KID=imgbed,tva&Expires=1744091031&ssig=O9cBYkDQIf"
5144128230526003,2025-03-21,1,å¹¿ä¸œ,@è·¯è¾¹æ‘˜äº†æœµèŠ±,ä¸æƒ³åšé¥­çš„é¢å•Š,f,å…¶ä»–,"https://tvax3.sinaimg.cn/crop.23.14.472.472.180/67aa56ably8fo4b8umqz9j20e40elq9b.jpg?KID=imgbed,tva&Expires=1744091031&ssig=lfgBwja16i"
5144128230526003,2025-03-14,1,å››å·,ç¾å“­äº†æˆ‘å•Šå•Šå•Šå•Š[å“‡][å“‡][å“‡],Lay-Callmyname,f,å››å·,"https://tvax4.sinaimg.cn/crop.0.0.1024.1024.180/4c5a58e4ly8huw878sk0wj20sg0sgaby.jpg?KID=imgbed,tva&Expires=1744091031&ssig=xpAyFxe9yo"
5144128230526003,2025-03-24,0,å¹¿è¥¿,#äº”ç»Â·æ˜¥æ± #è¿œå±±ä¾ç¢§æ†©ï¼Œ æ°´ä¸Šç´«è¢å§¬ã€‚ è°ç€æ¶Ÿæ¼ªå½±ï¼Œ æ˜¥æ± ä¸ç›¸æ¬ºã€‚,ç»´æ‘©å¿ƒç¯,m,å…¶ä»–,"https://tvax1.sinaimg.cn/crop.0.0.1080.1080.180/b77dc0ffly8hii9dhcdpuj20u00u041c.jpg?KID=imgbed,tva&Expires=1744091031&ssig=uRfJ93tQy7"
5144128230526003,2025-03-24,0,å¹¿è¥¿,#æ˜¥æ± # è¿œå±±ä¾ç¢§æ†©ï¼Œ æ°´ä¸Šç´«è¢å§¬ã€‚ è°ç€æ¶Ÿæ¼ªå½±ï¼Œ æ˜¥æ± ä¸ç›¸æ¬ºã€‚,ç»´æ‘©å¿ƒç¯,m,å…¶ä»–,"https://tvax1.sinaimg.cn/crop.0.0.1080.1080.180/b77dc0ffly8hii9dhcdpuj20u00u041c.jpg?KID=imgbed,tva&Expires=1744091031&ssig=uRfJ93tQy7"
5144128230526003,2025-03-22,1,é‡åº†,å¥½æ¼‚äº®ï¼Œå¸Œæœ›æœ‰ä¸€å¤©æˆ‘å¯ä»¥ä¸´æ‘¹å‡ºæ¥ï¼å¤ªæ¼‚äº®å•¦,é•¿ä¹æœªå¤®wy-,f,é‡åº†,"https://tvax3.sinaimg.cn/crop.0.0.512.512.180/005DUwYzly8gzvpar1ebxj30e80e8t8z.jpg?KID=imgbed,tva&Expires=1744091031&ssig=QkGUjtNbCh"
5144128230526003,2025-03-21,0,åŒ—äº¬,ç¾,å­™æ˜Œæ´²ç‰™åŒ»-Dentalä¸¹æ·˜ç†Šå¦ˆå¦ˆ,f,åŒ—äº¬,"https://tvax3.sinaimg.cn/crop.0.0.512.512.180/007NlxYzly8g9qpllfd81j30e80e8mxg.jpg?KID=imgbed,tva&Expires=1744091031&ssig=eTbiARDvBM"
5144128230526003,2025-03-21,1,æ±Ÿè¥¿,æˆ‘ä¼šçŸ­æš‚çˆ±ä¸Šä¸–ç•Œè¿™ä¸€ç§’,çš†æ…¢,f,æ±Ÿè¥¿,"https://tvax1.sinaimg.cn/crop.0.0.290.290.180/008aWnTMly8i04usm9cewj3082082dg0.jpg?KID=imgbed,tva&Expires=1744091031&ssig=ePKWAnmDV%2B"
5144128230526003,2025-03-21,0,å¹¿ä¸œ,æ„Ÿè§‰æ‰è¿›ç”»é‡Œäº†. â€‹,ç‹è‚–åšå›ä¸€è‚–DAYTOYè¿ªåŠ›æœ¨æ‹‰æ,f,é‡åº†,"https://tvax1.sinaimg.cn/crop.0.0.1080.1080.180/006rhhbHly8i07yfoawooj30u00u0q6c.jpg?KID=imgbed,tva&Expires=1744091031&ssig=RoTzpOQrSV"
5144128230526003,2025-03-19,0,ç”˜è‚ƒ,å¥½ç¾,è—æ¡‰_Aurora,f,ç”˜è‚ƒ,"https://tvax4.sinaimg.cn/crop.0.0.976.976.180/00874bYFly8hzywktq5d6j30r40r4gof.jpg?KID=imgbed,tva&Expires=1744091031&ssig=K9nnqsfYQ5"
5144128230526003,2025-03-15,0,é»‘é¾™æ±Ÿ,ç¾,æœä¸æš®___,m,å…¶ä»–,"https://tvax1.sinaimg.cn/crop.0.0.1080.1080.180/008fZX2Yly1htcpeuyms4j30u00u0ab7.jpg?KID=imgbed,tva&Expires=1744091031&ssig=T3tnib0aqB"
5144128230526003,2025-03-15,0,æ³°å›½,[å¿ƒ][å¿ƒ][å¿ƒ],ç”œå¤¢å…¥å¤œ,f,æµ·å¤–,"https://tvax1.sinaimg.cn/crop.0.0.736.736.180/008cnMGhly8hzl9l93sp2j30kg0kgwhj.jpg?KID=imgbed,tva&Expires=1744091031&ssig=7mNdlnuawE"
5152387887268641,2025-04-07,6,é‡åº†,å…¨å®¶å¿«ä¹å¥åº·,èµ°èµ°åœåœå“ˆå“ˆå“ˆå“ˆ,f,é‡åº†,"https://tvax1.sinaimg.cn/crop.0.0.1080.1080.180/e8f24861ly8hck4apuqylj20u00u0n0x.jpg?KID=imgbed,tva&Expires=1744091032&ssig=Ks83itSF2J"
5152387887268641,2025-04-06,0,è¾½å®,æ›¿å…¨å®¶æ¥,ç¨‹æ˜¯çŒ«çŒ«,f,å…¶ä»–,"https://tvax4.sinaimg.cn/crop.0.0.1080.1080.180/006TXOTVly8hyx6pq1nihj30u00u077o.jpg?KID=imgbed,tva&Expires=1744091032&ssig=Kbby8NjuuD"
5152387887268641,2025-04-08,1,æ²³å—,ä¸€åˆ‡é¡ºåˆ©ï¼Œå¹³å®‰å¥åº·,æˆ‘æ˜¯ä»–çš„çœ¼é’±é’±é’±é’±é’±,m,åŒ—äº¬,"https://tvax3.sinaimg.cn/crop.0.0.748.748.180/0069QZ02ly8hrizmsmrxqj30ks0ks3yz.jpg?KID=imgbed,tva&Expires=1744091032&ssig=n6naNJ5ZFC"
5152387887268641,2025-04-07,1,è¾½å®,[é²œèŠ±][é²œèŠ±][é²œèŠ±]ğŸ™ğŸ™ğŸ™,æœé˜³æœ¨å¤´äºº,m,è¾½å®,"https://tvax2.sinaimg.cn/crop.19.0.1497.1497.180/006tQhF4ly8fl87mois7cj316o15lgu2.jpg?KID=imgbed,tva&Expires=1744091032&ssig=zEUDrk%2BJiV"
5152387887268641,2025-04-07,1,å››å·,å…¨å®¶å¹³å®‰å¥åº·ä¸‡äº‹é¡ºé‚ï¼,å¤§å¯çˆ±pluså°å¯çˆ±å°±æ˜¯å¯çˆ±å¤š,f,å››å·,"https://tvax2.sinaimg.cn/crop.0.0.1080.1080.180/006zDDXSly8hj2yofiodoj30u00u043z.jpg?KID=imgbed,tva&Expires=1744091032&ssig=SYB3vqFYt7"
5152387887268641,2025-04-06,4,æ±Ÿè‹,ğŸ™ğŸ™ğŸ™,ç¼˜åˆ†å››å­£,f,æ±Ÿè‹,"https://tvax3.sinaimg.cn/crop.149.118.383.383.180/aff7cd13ly8g8pmosmx0rj20j60j6jsg.jpg?KID=imgbed,tva&Expires=1744091032&ssig=%2Bx9MtXWku%2B"
5152387887268641,2025-04-08,0,äº‘å—,ğŸ™ğŸ™ğŸ™,æ³¢æ³¢é¹…er,f,å››å·,"https://tvax3.sinaimg.cn/crop.0.0.600.600.180/007cOQ5Rly8hu69b51cm2j30go0go0tt.jpg?KID=imgbed,tva&Expires=1744091032&ssig=tTb%2BxFUWJx"
5152387887268641,2025-04-07,0,æ¹–åŒ—,ğŸ™ğŸ™ğŸ™,æ…§è´¨å…°å¿ƒhhl,f,æ¹–åŒ—,"https://tvax1.sinaimg.cn/crop.0.0.1023.1023.180/006Xp578ly8hoqp85dty2j30sg0sfq9u.jpg?KID=imgbed,tva&Expires=1744091032&ssig=sXKG%2FQbtTZ"
5152387887268641,2025-04-07,1,ä¸­å›½é¦™æ¸¯,ç¦æ…§å¥åº·å¹³å®‰é¡ºå¿ƒé¡ºåˆ©,é—²åº­ä¿¡æ­¥112,m,å¹¿ä¸œ,"https://tvax1.sinaimg.cn/crop.0.0.1080.1080.180/6970fb38ly8h2qd81uknij20u00u0774.jpg?KID=imgbed,tva&Expires=1744091032&ssig=2FM3VaUqN1"
5152387887268641,2025-04-07,0,å±±ä¸œ,å…¨å®¶äººå¥åº·å¹³å®‰ğŸ™ğŸ™ğŸ™,å–œä¹å¤šå¤šå–66,f,å±±ä¸œ,"https://tvax3.sinaimg.cn/crop.0.0.828.828.180/006imZzSly8gyyeocw67sj30n00n0die.jpg?KID=imgbed,tva&Expires=1744091032&ssig=MwdMic8Avi"
5152387887268641,2025-04-06,0,è¾½å®,ğŸ™ğŸ™ğŸ™,SerendipityBy,f,è¾½å®,"https://tvax2.sinaimg.cn/crop.0.0.1242.1242.180/005EVOw8ly8fru8rxl926j30yi0yi76s.jpg?KID=imgbed,tva&Expires=1744091032&ssig=ltkn%2FnXowe"
5152387887268641,2025-04-06,0,ä¸Šæµ·,ğŸ™ğŸ™ğŸ™,ç‚¡å¹´ç³•,f,å…¶ä»–,"https://tvax1.sinaimg.cn/crop.0.0.1080.1080.180/008wK5CHly8hztkhempz0j30u00u0ado.jpg?KID=imgbed,tva&Expires=1744091032&ssig=z%2BrfbdCB82"
5152387887268641,2025-04-06,0,æ²³åŒ—,ğŸ™ğŸ™ğŸ™ä¿ä½‘æˆ‘å…¨å®¶å¥åº·å¹³å®‰ğŸ™ğŸ™ğŸ™,ä»°æœ›ä½ ä»¬å¹¶è‚©äºé›ªå±±ä¹‹å·…,f,æ²³åŒ—,"https://tvax3.sinaimg.cn/crop.0.0.828.828.180/005BFb4vly8gmsuhzr5cgj30n00n0jt3.jpg?KID=imgbed,tva&Expires=1744091032&ssig=9LKD4zXjoA"
5152387887268641,2025-04-08,0,å±±è¥¿,ä¿ä½‘ä¸Šå²¸å…¬åŠ¡å‘˜ğŸ™,å°ç¥æ˜¯ä¸ªluckyå¥³å­©,f,å±±è¥¿,"https://tvax2.sinaimg.cn/crop.0.0.828.828.180/0069vG7Tly8hh1rhjc2oxj30n00n0ac4.jpg?KID=imgbed,tva&Expires=1744091032&ssig=1EeB1NVOqV"
5152387887268641,2025-04-08,0,æ¹–å—,ğŸ™ğŸ™ğŸ™[èœ¡çƒ›][èœ¡çƒ›][èœ¡çƒ›][é²œèŠ±][é²œèŠ±][é²œèŠ±],èµ¤æœ¨ç¾¤å¹³,m,æ¹–å—,"https://tvax1.sinaimg.cn/crop.0.0.793.793.180/ae010585ly8hu06h6wkfdj20m10m1ad9.jpg?KID=imgbed,tva&Expires=1744091032&ssig=uyGKovd7Jd"
5152387887268641,2025-04-08,0,æ±Ÿè‹,è¿˜æ„¿[é²œèŠ±],å…«å–œå†°æ£’,m,æ±Ÿè‹,"https://tvax1.sinaimg.cn/crop.0.0.1080.1080.180/001pzhI4ly8gujj8yv1dij60u00u00vw02.jpg?KID=imgbed,tva&Expires=1744091032&ssig=e9nEQdxm%2BA"
5152387887268641,2025-04-08,0,å¹¿è¥¿,æˆ‘å’Œçˆ¶æ¯å®¶äººçˆ±äººå¥åº·å¹³å®‰,å°æé˜²æ ç²¾,f,å¹¿è¥¿,"https://tvax3.sinaimg.cn/crop.0.0.996.996.180/006yIS0dly8h7m1muuuskj30ro0ro41s.jpg?KID=imgbed,tva&Expires=1744091032&ssig=50%2Fqk8ksbW"
5152387887268641,2025-04-08,0,æ±Ÿè‹,ä¿ä½‘å¦ˆå¦ˆèº«ä½“å¥åº·å¹³å®‰å–œä¹ğŸ™ğŸ™ğŸ™,å°æ™¨rio,m,å…¶ä»–,"https://tvax1.sinaimg.cn/crop.0.0.132.132.180/008zp1NOly4hfs3ek3kpqj303o03ot8i.jpg?KID=imgbed,tva&Expires=1744091032&ssig=tWuyAaTdHx"
5152387887268641,2025-04-08,0,å¹¿ä¸œ,ä¿ä½‘å…¨å®¶å¥åº·å¿«ä¹ é¡ºå¿ƒå¦‚æ„,åº·å¦å°å¦¹å¦¹,f,å¹¿ä¸œ,"https://tvax2.sinaimg.cn/crop.0.0.996.996.180/6f0fc9efly8gmwxlnj1y2j20ro0ro770.jpg?KID=imgbed,tva&Expires=1744091032&ssig=bz0WXK%2FQAM"
5152387887268641,2025-04-08,0,æ¾³å¤§åˆ©äºš,æ¥æœŸæœ«HD æ¥crushçº¦æˆ‘å‡ºå»ğŸ™ğŸ™ğŸ™,ç”¨æˆ·7721067099,f,å…¶ä»–,"https://tvax1.sinaimg.cn/default/images/default_avatar_female_180.gif?KID=imgbed,tva&Expires=1744091032&ssig=9OmveOSg9w"
5152765115108820,2025-04-08,0,å¹¿ä¸œ,#è€ƒè¯•é¡ºåˆ©# å¸Œæœ›é¡ºåˆ©,èŒ‰è‰èŒ‰è‰èŒ‰è‰å¼€äº†,f,å¹¿ä¸œ,"https://tvax1.sinaimg.cn/crop.0.0.1080.1080.180/008cor00ly8gjlkuschzzj30u00u076w.jpg?KID=imgbed,tva&Expires=1744091032&ssig=COeny6pbpC"
5152765115108820,2025-04-07,0,æ¹–åŒ—,æ¥[è€å¸ˆçˆ±ä½ ],å°é¢˜å­TT,f,é‡åº†,"https://tvax4.sinaimg.cn/crop.0.0.1242.1242.180/6ac9f06fly8fwm4alpzfkj20yi0yidhq.jpg?KID=imgbed,tva&Expires=1744091032&ssig=Mjlwrv8BNy"
5152765115108820,2025-04-07,0,æ±Ÿè‹,ç¥ç¦é€ç»™å¥³å„¿ï¼,uuxun,f,æ±Ÿè‹,"https://tva2.sinaimg.cn/crop.1.0.1239.1239.180/8cfa0316jw8f4v6l0tv9jj20yi0yfjtj.jpg?KID=imgbed,tva&Expires=1744091032&ssig=FAe%2B4nFzQW"
5152765115108820,2025-04-07,0,å®‰å¾½,[æ‰“call][æ‰“call][æ‰“call],æ™¾è¡£æ¶f,f,æµ™æ±Ÿ,"https://tvax4.sinaimg.cn/crop.0.0.1080.1080.180/006u4niOly8g6vx46c9bnj30u00u0jww.jpg?KID=imgbed,tva&Expires=1744091032&ssig=1s4EnZRZh5"
5152765115108820,2025-04-07,0,æ²³åŒ—,ğŸ™ğŸ»ğŸ™ğŸ»ğŸ™ğŸ»,Pochaccoè´©å–æœº,f,åŒ—äº¬,"https://tvax4.sinaimg.cn/crop.0.0.1023.1023.180/008aVR7Mly8ham9rx8nevj30sg0sfgnw.jpg?KID=imgbed,tva&Expires=1744091032&ssig=GAMthNLd1I"
5152765115108820,2025-04-07,0,æ¹–å—,ğŸ™ğŸ™,å°æ¢æ•™å‘˜,m,æ¹–å—,"https://tvax4.sinaimg.cn/crop.0.0.1002.1002.180/c3191dd1ly8grj20w3u0oj20ru0rutao.jpg?KID=imgbed,tva&Expires=1744091032&ssig=5rIp7CVczy"
5152765115108820,2025-04-07,0,å‰æ—,æ¥äº†,å­éé±¼å•Šé±¼å•Šé±¼,f,å‰æ—,"https://tvax3.sinaimg.cn/crop.0.0.1080.1080.180/008E9sz7ly8hylfr3tz4mj30u00u0n0a.jpg?KID=imgbed,tva&Expires=1744091032&ssig=A3QgV8ZuAh"
5152765115108820,2025-04-07,0,å››å·,æ¥,hxiplee,m,å››å·,"https://tvax1.sinaimg.cn/crop.0.0.1080.1080.180/006oyJRcly8hbzuibvhzqj30u00u043s.jpg?KID=imgbed,tva&Expires=1744091032&ssig=2p1ZMsVPWz"
5152765115108820,2025-04-07,0,ç½—ä¼¯ç‰¹,è€ƒè¯•ç¦åˆ©ï¼Œèµ¶ç´§ç­¾æ”¶ï¼,è¯„è®ºç½—ä¼¯ç‰¹,f,æµ·å¤–,"https://tvax1.sinaimg.cn/crop.0.0.1080.1080.180/006i0XtAly8hzvmxmh1c4j30u00u0ac8.jpg?KID=imgbed,tva&Expires=1744091032&ssig=iFB8MqTPfB"
5152765115108820,2025-04-08,1,å¹¿ä¸œ,æ¥,æ­¡æ™¨æ´¾yyy,f,å…¶ä»–,"https://tvax4.sinaimg.cn/crop.0.0.1023.1023.180/006o9uStly8hw7jxzglx8j30sg0sf414.jpg?KID=imgbed,tva&Expires=1744091032&ssig=nFoRovgtq8"
5152765115108820,2025-04-08,0,æ²³åŒ—,æ¥æ¥æ¥[æ‰“call],è–¯æ¡è„‘è¢‹nn-,f,æ²³åŒ—,"https://tvax3.sinaimg.cn/crop.0.0.512.512.180/006pZo3Uly8hzikai6s9jj30e80e8q3v.jpg?KID=imgbed,tva&Expires=1744091032&ssig=pIfITquSxX"
5152765115108820,2025-04-08,0,æ¹–åŒ—,æ¥å—ğŸ™ğŸ™ğŸ™ï¼ˆæ— åå¼¹æ— ä»»ä½•å‰¯ä½œç”¨ï¼‰,_abgod,m,æ¹–åŒ—,"https://tvax1.sinaimg.cn/crop.0.0.512.512.180/008apgRMly8hih4hixr9vj30e80e874w.jpg?KID=imgbed,tva&Expires=1744091032&ssig=PVf9IZcz1z"
5152765115108820,2025-04-08,0,å±±ä¸œ,æ¥æ¥æ¥[åŠªåŠ›][åŠªåŠ›][åŠªåŠ›],ç©¿è¢œå­çš„æ ¸æ¡ƒ,f,å…¶ä»–,"https://tvax4.sinaimg.cn/crop.0.0.996.996.180/0083qQCmly8gtj2okayn6j30ro0rogmm.jpg?KID=imgbed,tva&Expires=1744091032&ssig=Tf3Urs%2F2%2F2"
5152765115108820,2025-04-08,0,ä¸Šæµ·,æ¥æ¥æ¥,8u2x_è„†éª¨,f,å…¶ä»–,"https://tvax3.sinaimg.cn/crop.0.0.1080.1080.180/006pWzRily8hzvi1quqw3j30u00u0762.jpg?KID=imgbed,tva&Expires=1744091032&ssig=vA8sLcAvE1"
5152765115108820,2025-04-08,0,æ±Ÿè‹,æ¥,ç™½æœæ ‘å¹²,f,æ±Ÿè‹,"https://tvax1.sinaimg.cn/crop.0.0.1079.1079.180/0075satnly8gz0v0u1srpj30tz0u0tfm.jpg?KID=imgbed,tva&Expires=1744091032&ssig=6GAcB0riwq"
5152765115108820,2025-04-07,0,é™•è¥¿,çœè€ƒäº‹ä¸šç¼–é¡ºåˆ©è¿›é¢[å¼€å­¦å­£][å¼€å­¦å­£][å¼€å­¦å­£],èŠå£«èŠ‹æ³¥æ´¾-,f,å…¶ä»–,"https://tvax4.sinaimg.cn/crop.0.0.676.676.180/0072jJDyly8hzj5shrcyqj30is0is3zj.jpg?KID=imgbed,tva&Expires=1744091032&ssig=YYN3tyimya"
5152765115108820,2025-04-07,0,æ²³å—,æ¥æ¥æ¥,æ—ºä»”ç‰›å¥¶å’–å•¡ç³–æœ,f,æ²³å—,"https://tvax3.sinaimg.cn/crop.0.0.960.960.180/0074o8lXly8hwtz4tkkkkj30qo0qognw.jpg?KID=imgbed,tva&Expires=1744091032&ssig=9Gn2HUOgwg"
5152765115108820,2025-04-07,0,åŒ—äº¬,æ¥[å¼€å­¦å­£]ğŸ™,more_like,f,æ±Ÿè¥¿,"https://tvax2.sinaimg.cn/crop.0.0.1080.1080.180/007pOXPEly8hf8993wqwsj30u00u041b.jpg?KID=imgbed,tva&Expires=1744091032&ssig=Ury2bW1JIb"
5152765115108820,2025-04-07,0,äº‘å—,æ¥[é€èŠ±èŠ±],ä¼Šè—¤åäºŒ,f,è¥¿è—,"https://tvax4.sinaimg.cn/crop.0.0.1028.1028.180/006MIpdbly8hjev3anrvyj30sk0skq4x.jpg?KID=imgbed,tva&Expires=1744091032&ssig=8BL85JYLBy"
5152765115108820,2025-04-07,0,æ¹–åŒ—,æ¥å¥½è¿ï¼Œä¿ä½‘æˆ‘ä»¬2025æˆåŠŸä¸Šå²¸ğŸ™ğŸ™ğŸ™,çˆ±åƒå¹´ç³•çš„å°å¤©æ‰,f,æ¹–åŒ—,"https://tvax2.sinaimg.cn/crop.0.0.1080.1080.180/005z0msfly8i01fmt3pupj30u00u0wi3.jpg?KID=imgbed,tva&Expires=1744091032&ssig=Caou3ePIDw"
5152410277252495,2025-04-06,31,è¾½å®,é«˜æ‰‹åœ¨æ°‘é—´å•Š[å¥½å–œæ¬¢],ç‘ç‘å˜‰ç‚¹ç”°,f,è¾½å®,"https://tvax4.sinaimg.cn/crop.0.0.1080.1080.180/0072mr3fly8hrk9s5opw0j30u00u0wim.jpg?KID=imgbed,tva&Expires=1744091033&ssig=TfdIwJ7xj1"
5152410277252495,2025-04-06,24,æµ™æ±Ÿ,æœç„¶é«˜æ‰‹åœ¨æ°‘é—´ï¼ŒæŠŠä¼ ç»Ÿæ–‡åŒ–æ”¾é£ç­åˆæ”¾å‡ºæ–°é«˜åº¦ï¼[ç»™ä½ å°å¿ƒå¿ƒ],æ…ŠéŸ§æš€_8,f,å…¶ä»–,"https://tvax1.sinaimg.cn/crop.0.0.1080.1080.180/006J50C1gy1hz2xqqjbi3j30u00u0q5t.jpg?KID=imgbed,tva&Expires=1744091033&ssig=zbXDJRm3W5"
5152410277252495,2025-04-06,8,åŒ—äº¬,å‰å®³,åŒ—äº¬é«˜ç”Ÿ,m,åŒ—äº¬,"https://tvax4.sinaimg.cn/crop.0.0.996.996.180/7162c705ly8gcnre3s38ej20ro0rowg8.jpg?KID=imgbed,tva&Expires=1744091033&ssig=ctrr5eMEO2"
5152410277252495,2025-04-06,5,æ¹–å—,å¥½å‰å®³å•Š,è±†åŠªä¸¸å­,f,æ¹–å—,"https://tvax4.sinaimg.cn/crop.0.0.1080.1080.180/007R0y73ly8hr44z7ei1ej30u00u0jte.jpg?KID=imgbed,tva&Expires=1744091033&ssig=GWP8aQeDAk"
5152410277252495,2025-04-07,2,å®‰å¾½,å¤§çˆ·å¤§å¦ˆç‰›ç‰›ç‰›,Wå› ç´«è€Œæ¥,f,å®‰å¾½,"https://tvax4.sinaimg.cn/crop.0.0.333.333.180/0079WGs2ly8hhodmq9z1lj3099099wes.jpg?KID=imgbed,tva&Expires=1744091033&ssig=dCpPkEehwp"
5152410277252495,2025-04-06,2,æ²³å—,å¤ªå‰å®³äº†,oooduokee,f,å…¶ä»–,"https://tvax2.sinaimg.cn/crop.0.0.640.640.180/008d8mzqly8hzln4tyc0yj30hs0hsq3i.jpg?KID=imgbed,tva&Expires=1744091033&ssig=nTT0Eib%2BL3"
5152410277252495,2025-04-07,1,æ¹–å—,[good][good][good][good][good]ç‰›,oä½ç©ºé£è¡Œçš„æ¶µå®‡å¦ˆå¦ˆ,f,å…¶ä»–,"https://tvax2.sinaimg.cn/crop.0.0.1080.1080.180/008i0eylly8hx0bx110chj30u00u0gpv.jpg?KID=imgbed,tva&Expires=1744091033&ssig=k4X2jRvLL5"
5152410277252495,2025-04-06,1,æ¹–å—,å¥½å‰å®³,é˜¿è¡¡æœ¨æœ¨,f,å…¶ä»–,"https://tvax3.sinaimg.cn/crop.0.0.1080.1080.180/00722yJlly8hzok3hz9baj30u00u0tav.jpg?KID=imgbed,tva&Expires=1744091033&ssig=xoG35gtYom"
5152410277252495,2025-04-06,1,æ¹–å—,å‰å®³,å†°çŒ«å··æ³_kiku,f,æ¹–å—,"https://tvax3.sinaimg.cn/crop.0.0.1080.1080.180/0072KIDsly8i05v221eumj30u00u0q7h.jpg?KID=imgbed,tva&Expires=1744091033&ssig=erYND420uv"
5152410277252495,2025-04-06,1,å¹¿ä¸œ,å’‹è¿™ä¹ˆå‰å®³å‘¢...å¥½é»˜å¥‘å•Š[å“‡],å‹‹é…±ä¸–é¦–èŒ,f,åŒ—äº¬,"https://tvax3.sinaimg.cn/crop.0.0.1064.1064.180/008bYVwQly8i07fgtzzthj30tk0tktb1.jpg?KID=imgbed,tva&Expires=1744091033&ssig=sv9LrwRko8"
5152410277252495,2025-04-06,1,å¹¿ä¸œ,ä¼ ç»Ÿè‰ºæœ¯ç©å‡ºèŠ±æ ·æ¥,ç¿°å®007,f,å¹¿ä¸œ,"https://tvax4.sinaimg.cn/crop.0.0.704.704.180/c0ffdd7cly8hv20gt5ydyj20jk0jkgmy.jpg?KID=imgbed,tva&Expires=1744091033&ssig=tc%2BMinWelD"
5152410277252495,2025-04-07,0,æµ™æ±Ÿ,è¿˜å¾—æ˜¯æˆ‘ä»¬å¤§çˆ·å¤§å¦ˆ,å«æˆ‘å°å¶å°±å¥½å’¯,f,æµ™æ±Ÿ,"https://tvax4.sinaimg.cn/crop.0.0.1080.1080.180/0067juWily8hh5jtc2t86j30u00u0n44.jpg?KID=imgbed,tva&Expires=1744091033&ssig=yUhJJrxT0%2B"
5152410277252495,2025-04-07,0,å¹¿ä¸œ,æ‰‹åŠ¨æŒ¡æ— äººæœº[awsl],æµ·ç»µçƒçƒå®å®,f,å¹¿ä¸œ,"https://tvax2.sinaimg.cn/crop.0.0.1080.1080.180/006XJ239ly8hzxqi20c40j30u00u0jtd.jpg?KID=imgbed,tva&Expires=1744091033&ssig=YzaMiLE%2BFX"
5152410277252495,2025-04-07,0,æ¹–å—,è¿™ä¹Ÿå¤ªç‰›äº†å§[æ†§æ†¬],ä¸ƒæœˆå®‰ç”Ÿ2580055261,f,æ¹–å—,"https://tvax4.sinaimg.cn/crop.0.0.512.512.180/99c884ddly8hocud7go3qj20e80e80tg.jpg?KID=imgbed,tva&Expires=1744091033&ssig=DLbgSfgTSm"
5152410277252495,2025-04-07,0,æµ™æ±Ÿ,è¿™é£ç­æœ‰æƒ³æ³•ï¼Œæœ‰å‰§æƒ…ï¼Œå¿…é¡»ç‚¹èµï¼,å¯¨ä¸»å¾·è£,m,å…¶ä»–,"https://tvax3.sinaimg.cn/crop.0.0.996.996.180/ac59dfc7ly8glmlw2nx3wj20ro0rowfe.jpg?KID=imgbed,tva&Expires=1744091033&ssig=uYCWMHRvdk"
5152410277252495,2025-04-07,0,æ¹–å—,é«˜æ‰‹åœ¨è€å¹´å¤§çˆ·å¤§å¦ˆé—´[ç¬‘å“ˆå“ˆ]å¤´ä¸€å›è§è¿™ä¹ˆé½æ•´çš„é£ç­ï¼Œé£ç­éƒ½å˜æˆé“è¡€å†›å›¢ä¸€èˆ¬é“¿é”µæ’æ’é£ğŸªğŸªğŸª,æœˆé‡ç¿¡å†·å…”,f,åŒ—äº¬,"https://tvax1.sinaimg.cn/crop.0.0.512.512.180/008AbIkTly8hycfip74ahj30e80e8aa7.jpg?KID=imgbed,tva&Expires=1744091033&ssig=wWVb2W2i8s"
5152410277252495,2025-04-07,0,å¤©æ´¥,@æ·±é»‘æ·±é»‘è‰² å¥½å‰å®³å•Š,å–œæ¬¢è£™è£™çš„å°æ™¶æ™¶,f,å¤©æ´¥,"https://tvax4.sinaimg.cn/crop.0.0.1080.1080.180/0028Jw3rly8gtr4hn60zej60u00u0juo02.jpg?KID=imgbed,tva&Expires=1744091033&ssig=i2OhjREHz1"
5152410277252495,2025-04-07,0,ç”˜è‚ƒ,ä¸ä»…åˆ¶ä½œçš„å¥½[èµ]è€Œä¸”æ”¾é£ç­çš„æ°´å¹³ä¹Ÿå¾ˆé«˜å‘€[å’–å•¡][å¾®ç¬‘],çº¢è‰²åŠ›é‡67,m,ç”˜è‚ƒ,"https://tvax4.sinaimg.cn/crop.0.0.1000.1000.180/4507480dly8hvnacffvv9j20rs0rsmyb.jpg?KID=imgbed,tva&Expires=1744091033&ssig=Ek1%2FpLcVrS"
5152410277252495,2025-04-07,0,æ¹–åŒ—,å‰å®³äº†å•Š,å±‹é¡¶æ•°é¦¨é¦¨,f,å…¶ä»–,"https://tvax1.sinaimg.cn/crop.0.0.720.720.180/008D77Cbly8htu6s1ekqyj30k00k075x.jpg?KID=imgbed,tva&Expires=1744091033&ssig=BVEKOBWb7N"
5152410277252495,2025-04-06,0,æ— ,[æ‰“call][æ‰“call][æ‰“call][æ‰“call][æ‰“call],æ²‚æ°´èåª’,m,å±±ä¸œ,"https://tvax3.sinaimg.cn/crop.0.0.100.100.180/008buzBfly8girfeshqcrj302s02sgln.jpg?KID=imgbed,tva&Expires=1744091033&ssig=u2YY0up%2BEX"
5152878599866451,2025-04-08,1,æ±Ÿè¥¿,ç‚¹äº†,Claudia_1227,f,æ±Ÿè¥¿,"https://tvax2.sinaimg.cn/crop.0.0.1060.1060.180/006tKODNly8hka9u9qoazj30tg0tgwic.jpg?KID=imgbed,tva&Expires=1744091034&ssig=tK0D%2F0zFwR"
5152878599866451,2025-04-08,0,æ¹–åŒ—,å¤Ÿäº†ã€‚ã€‚ã€‚,ç³•å†·å°å¸…66,f,å…¶ä»–,"https://tvax2.sinaimg.cn/crop.0.0.823.823.180/007Wd2f2ly8hywmw0bqntj30mv0mvabg.jpg?KID=imgbed,tva&Expires=1744091034&ssig=K8Ri%2BmleFk"
5152878599866451,2025-04-07,0,åŒ—äº¬,çœŸä¸è¡Œäº†[å•èº«ç‹—][å•èº«ç‹—],Foreverzion,f,åŒ—äº¬,"https://tvax3.sinaimg.cn/crop.0.0.828.828.180/0065Rop0ly8hu4frh9pedj30n00n0q3z.jpg?KID=imgbed,tva&Expires=1744091034&ssig=ZRX1NYM280"
5152878599866451,2025-04-07,0,è¾½å®,æ¢æ‰¹äººå§ã€‚,é—ªäº®çš„ç´«çº¢è‰²,f,è¾½å®,"https://tvax3.sinaimg.cn/crop.0.0.1080.1080.180/6cbf777fly8gnmc9thlxqj20u00u0dhs.jpg?KID=imgbed,tva&Expires=1744091034&ssig=RhV1cqNpUI"
5152878599866451,2025-04-07,0,ç½—ä¼¯ç‰¹èªæ˜ç‰ˆ,è¿™å°æœºå™¨äººè¡¨æƒ…åŒ…å¤ªé€—äº†ï¼Œåšä¸»çš„å¿ƒçµä¹Ÿè¢«æ²»æ„ˆäº†å—ï¼Ÿ,è¯„è®ºç½—ä¼¯ç‰¹,f,æµ·å¤–,"https://tvax1.sinaimg.cn/crop.0.0.1080.1080.180/006i0XtAly8hzvmxmh1c4j30u00u0ac8.jpg?KID=imgbed,tva&Expires=1744091034&ssig=nurcl49SmY"
5152878599866451,2025-04-07,0,äº‘å—,è¯´æˆ‘å¿ƒé‡Œå»äº†[æ³ª],æŠ‘éƒçš„ç™è›¤èŸ†,m,å…¶ä»–,"https://tva4.sinaimg.cn/crop.0.0.640.640.180/ee3839f3jw8ejnp22hx6jj20hs0hsabb.jpg?KID=imgbed,tva&Expires=1744091034&ssig=L8hEuYX3SJ"
5152124447492302,2025-04-06,1,æ²³åŒ—,å·²æ›´æ–°æ‰‹æœºç‰ˆå£çº¸,çŸ¥æ˜¥é‡Œå€¦å¤,f,å…¶ä»–,"https://tvax2.sinaimg.cn/crop.0.0.1080.1080.180/0084i4shly8hb2rcrkkpwj30u00u0jtl.jpg?KID=imgbed,tva&Expires=1744091034&ssig=owdXcSh7BT"
5152124447492302,2025-04-06,1,æ¹–å—,æˆ‘å»å¤§çƒ­é—¨,ç”œæ©˜oo,f,å‰æ—,"https://tvax3.sinaimg.cn/crop.0.0.1080.1080.180/0068VZUwly8i01c0nfmxpj30u00u0goo.jpg?KID=imgbed,tva&Expires=1744091034&ssig=m7Ty5WWotD"
5152124447492302,2025-04-05,1,æ±Ÿè‹,åˆå¯çˆ±ï¼Œåˆé˜³å…‰ã€‚,ä½œæ–‡è€…-è€è´¾,m,æ±Ÿè‹,"https://tvax2.sinaimg.cn/crop.0.0.996.996.180/005JhQs7ly8ghmz9igtlaj30ro0rojtm.jpg?KID=imgbed,tva&Expires=1744091034&ssig=rEq3xCAb12"
5152124447492302,2025-04-05,1,å››å·,æ‹¿å›¾[å·ä¹],é¦™èœæ³¡è¾£æ¤’,m,å…¶ä»–,"https://tvax2.sinaimg.cn/crop.0.0.512.512.180/008yk9rCly8hzgkcinpcwj30e80e8wfj.jpg?KID=imgbed,tva&Expires=1744091034&ssig=3yerbQagh3"
5152124447492302,2025-04-06,2,å¹¿ä¸œ,å®å®ğŸ¥º http://t.cn/A6rxjLMs,-è€ç¢³é…¸é’™-,f,å¹¿ä¸œ,"https://tvax4.sinaimg.cn/crop.0.0.1080.1080.180/008rxJ4lly8hw42vk6aoyj30u00u0ab6.jpg?KID=imgbed,tva&Expires=1744091034&ssig=RQPKwy%2FYd7"
5152124447492302,2025-04-06,1,å››å·,æ±‚ä¸€ä¸ªæ‰‹æœºå£çº¸[é€èŠ±èŠ±][é€èŠ±èŠ±],æ—¶å…‰æå…‰,f,å››å·,"https://tvax1.sinaimg.cn/crop.0.0.996.996.180/006PSW6Oly8glxo7q7jq8j30ro0romyn.jpg?KID=imgbed,tva&Expires=1744091034&ssig=Wxmo9oGtmI"
5152124447492302,2025-04-05,1,æ¹–å—,è¿™ä¸ªçˆ±å¿ƒå¥½çœ‹,-æŸ’é›¶çµ®æ¬¡-,f,å…¶ä»–,"https://tvax4.sinaimg.cn/crop.0.0.1080.1080.180/008yomijly8i056bfmkxkj30u00u10ve.jpg?KID=imgbed,tva&Expires=1744091034&ssig=qF%2B824A6xv"
5152124447492302,2025-04-06,1,å››å·,å“‡å¡ ç¬¬ä¸€å¼ æ˜¯æˆ‘å£çº¸[é€èŠ±èŠ±],ç­‰æ —æ¼”å”±ä¼šzly,f,å…¶ä»–,"https://tvax2.sinaimg.cn/crop.0.0.978.978.180/008dG827ly8hyh579maymj30r60r6abw.jpg?KID=imgbed,tva&Expires=1744091034&ssig=Sw8TnUVwm4"
5152124447492302,2025-04-05,2,é‡åº†,å¥½å¯çˆ±æœ±è¿ªè­¦å®˜,miku_å’ªå¤,m,é‡åº†,"https://tvax1.sinaimg.cn/crop.0.0.1080.1080.180/007WtLEfly8hzs8ud33x0j30u00u0mzl.jpg?KID=imgbed,tva&Expires=1744091034&ssig=B60%2BMRDs10"
5152124447492302,2025-04-06,0,å¹¿è¥¿,è¿™å¼ æœ‰æ‰‹æœºå£çº¸å—[å¯æ€œ][å¯æ€œ] http://t.cn/A6rJaW9A,ä½ åˆ«å¤ªæ€¥çœ¼,f,å¹¿è¥¿,"https://tvax4.sinaimg.cn/crop.0.0.512.512.180/0085xLAsly8hyyc1gwgb3j30e80e8dg7.jpg?KID=imgbed,tva&Expires=1744091034&ssig=zklLjfBNjO"
5152124447492302,2025-04-06,0,æ±Ÿè‹,æœ‰ç«–å±çš„è›®[æ³ª]1,æŸ å··I,f,æµ™æ±Ÿ,"https://tvax2.sinaimg.cn/crop.0.0.996.996.180/006UH0PAly8gq7dheqcihj30ro0romz4.jpg?KID=imgbed,tva&Expires=1744091034&ssig=naJLXmVsnB"
5152124447492302,2025-04-05,1,è¾½å®,kiyo,å–ADé’™çš„ç™½èœ,f,è¾½å®,"https://tvax2.sinaimg.cn/crop.0.0.960.960.180/008jv39Lly8hzpk62y5mej30qo0qp40s.jpg?KID=imgbed,tva&Expires=1744091034&ssig=2Zth9%2Bzqvq"
5152124447492302,2025-04-05,1,ç½—ä¼¯ç‰¹,å¿ƒå¿ƒç›¸å°çš„å£çº¸ï¼Œæµªæ¼«æ»¡åˆ†ï¼,è¯„è®ºç½—ä¼¯ç‰¹,f,æµ·å¤–,"https://tvax1.sinaimg.cn/crop.0.0.1080.1080.180/006i0XtAly8hzvmxmh1c4j30u00u0ac8.jpg?KID=imgbed,tva&Expires=1744091034&ssig=nurcl49SmY"
5152124447492302,2025-04-07,0,å®‰å¾½,è›™è¶£ è¿™æ¡æˆ‘æ¥,æ…•æ´‹è¯—é€”,f,å…¶ä»–,"https://tvax1.sinaimg.cn/crop.0.0.809.809.180/008gvNqlly1i02bc2t8e6j30mh0mh0v2.jpg?KID=imgbed,tva&Expires=1744091034&ssig=8xuD8F7Rov"
5152124447492302,2025-04-05,0,ç¦å»º,å¥½çœ‹,_å°ç«_ç‚–ç²¥_,f,ç¦å»º,"https://tvax3.sinaimg.cn/crop.0.0.1080.1080.180/008cOlZNly8i0917f5hctj30u00u0n0c.jpg?KID=imgbed,tva&Expires=1744091034&ssig=hQMAV3PvrC"
5152124447492302,2025-04-06,1,å¹¿ä¸œ,@æŸ æª¬å‘³çš„é»å°æ˜•,é˜¿æ¯”è¥¿å°¼äºšç«ç‘°,f,ç¦å»º,"https://tvax2.sinaimg.cn/crop.0.0.512.512.180/e5f7d0f7ly8hyuqtnrukhj20e80e8gmi.jpg?KID=imgbed,tva&Expires=1744091034&ssig=3cMSC9XX1W"
5152124447492302,2025-04-06,0,å¹¿ä¸œ,@wennnnziii [å˜»å˜»],4747çš„å¦™å¦™å±‹,f,å¹¿ä¸œ,"https://tvax3.sinaimg.cn/crop.0.0.1080.1080.180/006Ul54yly8hcd583w39xj30u00u0te7.jpg?KID=imgbed,tva&Expires=1744091034&ssig=d84t27M4GC"
5152124447492302,2025-04-06,1,å¹¿è¥¿,@AceÂ·hearts [å˜»å˜»][å˜»å˜»][å˜»å˜»],Calypso_1u,f,å¹¿è¥¿,"https://tvax2.sinaimg.cn/crop.0.0.1080.1080.180/008dTTXOly8hv2kgzn4xuj30u00u0417.jpg?KID=imgbed,tva&Expires=1744091034&ssig=9bzt9c2NEc"
5152124447492302,2025-04-06,1,æ²³å—,@åœ¨èŠåŠ å“¥åƒæŠ«è¨çš„å°çŒ« è¶…å–œæ¬¢å°¼å…‹å’Œæœ±è¿ª,æˆ‘æ˜¯ä¼šå‘˜ä½ è¿˜ä¸è®©æˆ‘æ”¹æ˜µç§°å—,m,æ²³å—,"https://tvax4.sinaimg.cn/crop.0.0.1080.1080.180/007RXXOply8hy1q807017j30u00u0jvk.jpg?KID=imgbed,tva&Expires=1744091034&ssig=6xWLPcKIIJ"
5152124447492302,2025-04-06,1,åŒ—äº¬,@Yoong_g å¤ªå¯çˆ±å•¦,LN_Di,f,åŒ—äº¬,"https://tvax1.sinaimg.cn/crop.33.0.1014.1014.180/007CA9pVly8hu0zc6y0m9j30u00s6gpl.jpg?KID=imgbed,tva&Expires=1744091034&ssig=e2gOD9sAYC"
5152085839708515,2025-04-06,0,æ¹–å—,è®©è‡ªå·±å¼€å¿ƒèµ·æ¥å§,å—æ„›æµ·,m,å…¶ä»–,"https://tvax1.sinaimg.cn/crop.0.0.1080.1080.180/007qWUvoly8hxtrouybmfj30u00u0gpa.jpg?KID=imgbed,tva&Expires=1744091035&ssig=1zFyjt2n01"
5152085839708515,2025-04-06,0,ç¦å»º,[good],å‡å°å­JC,f,å…¶ä»–,"https://tvax3.sinaimg.cn/crop.0.0.1024.1024.180/71e5fd11ly8hu7ipyud10j20sg0sg79r.jpg?KID=imgbed,tva&Expires=1744091035&ssig=cYK4JpOlza"
5152085839708515,2025-04-05,0,æ¹–å—,æ¯å¤©å¼€å¿ƒå•Š[æ†§æ†¬],é›¨æ¥é›¾ç»ˆæ•£,f,å…¶ä»–,"https://tvax3.sinaimg.cn/crop.0.0.1080.1080.180/008DSptgly8i02vleiz7gj30u00u0tcw.jpg?KID=imgbed,tva&Expires=1744091035&ssig=32p3tpRAjW"
5152085839708515,2025-04-05,0,æ¹–å—,å››æœˆè¦å¼€å¿ƒå•Š,å¤šä¹…å»æœˆçƒæ‰¾å¤ªé˜³,f,æ¹–å—,"https://tvax2.sinaimg.cn/crop.0.0.1080.1080.180/008BQ4sMly8i0709b7h2oj30u00u0q5q.jpg?KID=imgbed,tva&Expires=1744091035&ssig=%2BhSN7fdKjy"
5152085839708515,2025-04-08,0,å±±ä¸œ,hâ€†h,çƒ™é¥¼åˆ€å‰Š,f,å±±ä¸œ,"https://tvax2.sinaimg.cn/crop.0.0.1080.1080.180/6549d5bely8gyp5xihuypj20u00u0juf.jpg?KID=imgbed,tva&Expires=1744091035&ssig=hLbn8M26QR"
5152085839708515,2025-04-07,0,å†…è’™å¤,å“¦,ç”¨æˆ·6492019090,m,å…¶ä»–,"https://tvax1.sinaimg.cn/crop.0.0.132.132.180/0075lQJkly8fonsj5ftmwj303o03o3yc.jpg?KID=imgbed,tva&Expires=1744091035&ssig=OPO9jEf27J"
5152085839708515,2025-04-06,0,å¹¿ä¸œ,ç¾é£Ÿ[good],é™1é™æ²‰é»˜,f,å¹¿ä¸œ,"https://tva2.sinaimg.cn/crop.0.0.750.750.180/7d77e7b6jw8erp9wtbvduj20ku0kv75w.jpg?KID=imgbed,tva&Expires=1744091035&ssig=Rb2b28a9oo"
5152085839708515,2025-04-06,0,å‰æ—,æ²¡æ¯›ç—…,å¤§é¾„å„¿ç«¥é˜³å…‰,f,å‰æ—,"https://tvax4.sinaimg.cn/crop.0.0.996.996.180/006UuORFly8gbpvzpxaysj30ro0rojus.jpg?KID=imgbed,tva&Expires=1744091035&ssig=QGWM7WMX%2B7"
5152085839708515,2025-04-06,0,å¹¿ä¸œ,å¼€å¿ƒæœ€é‡è¦å°±æ˜¯è¯´,7ç‚¹èµ·åºŠæ‰“å·¥,m,å…¶ä»–,"https://tvax1.sinaimg.cn/crop.0.0.1002.1002.180/007vKBSEly8gbfv7g96xwj30ru0rutak.jpg?KID=imgbed,tva&Expires=1744091035&ssig=XtYh6dCRab"
5152085839708515,2025-04-06,0,å¹¿ä¸œ,æ¯å¤©éƒ½è¦å¼€å¼€å¿ƒå¿ƒçš„,å‘†ç“œä¸ä¼šé£732016,m,å…¶ä»–,"https://tvax3.sinaimg.cn/crop.0.0.132.132.180/008H5t1gly4hw3y8yza8dj303o03omx0.jpg?KID=imgbed,tva&Expires=1744091035&ssig=3%2BslCmXloH"
5152085839708515,2025-04-06,0,å››å·,æ¯å¤©éƒ½è¦å¼€å¿ƒå‘€[é€èŠ±èŠ±],æ˜¯å—0910,f,å…¶ä»–,"https://tvax1.sinaimg.cn/crop.0.0.996.996.180/006BcXIqly8go02abvokvj30ro0rojts.jpg?KID=imgbed,tva&Expires=1744091035&ssig=NHUOQtGWaM"
5152085839708515,2025-04-06,0,æ²³åŒ—,å¯ä»¥æ¥æ¯å¥¶èŒ¶å•¦,é˜¿ç’‡çš„å¿«ä¹é”¦é²¤,f,å…¶ä»–,"https://tvax3.sinaimg.cn/crop.0.0.934.934.180/008EbBdNly8hqk76mtf3ej30py0pzn00.jpg?KID=imgbed,tva&Expires=1744091035&ssig=YobIrK3CPL"
5152085839708515,2025-04-06,0,å››å·,æ¯å¤©éƒ½è¦å¼€å¿ƒå•Š,æˆ‘è¯·ä½ åƒæ£’æ£’ç³–869,m,å…¶ä»–,"https://tva3.sinaimg.cn/crop.0.0.100.100.180/006ccvg6jw8ev34zfjzcgj302s02sq2q.jpg?KID=imgbed,tva&Expires=1744091035&ssig=F2kxwoEwzX"
5152085839708515,2025-04-06,0,æ²³åŒ—,æ¯å¤©éƒ½è¦å¼€å¼€å¿ƒå¿ƒ,èåŒ–å–§åš£,f,å…¶ä»–,"https://tvax1.sinaimg.cn/crop.0.0.804.804.180/008EbMhwly8hqk8tc91wvj30mc0md40f.jpg?KID=imgbed,tva&Expires=1744091035&ssig=coId7NFPiP"
5152085839708515,2025-04-06,0,æ²³åŒ—,éå¸¸æƒ¬æ„çš„ç”Ÿæ´»,æ±æ–¼æ¡‰,f,å…¶ä»–,"https://tvax2.sinaimg.cn/crop.0.0.719.719.180/008EcjXmly8hqkf1tful9j30jz0k0dhh.jpg?KID=imgbed,tva&Expires=1744091035&ssig=zzew5MmYtn"
5152085839708515,2025-04-06,0,æµ™æ±Ÿ,å¼€å¿ƒæ¯ä¸€å¤©[å¤ªé˜³],èŒœç­±å®¥,f,æµ™æ±Ÿ,"https://tva4.sinaimg.cn/crop.0.1.640.640.180/6877ba7bjw8emd9q2jmczj20hs0humy3.jpg?KID=imgbed,tva&Expires=1744091035&ssig=RFQzs%2FMyZ7"
5152085839708515,2025-04-06,0,å››å·,ç°åœ¨å±…ç„¶è¿˜æœ‰çŸ³æ¦´ï¼Œæˆ‘ä¹Ÿæ˜¯ä¸æ•¢ç›¸ä¿¡,çˆ±ä½ ä¸ç»æ„2022,m,å››å·,"https://tvax4.sinaimg.cn/crop.0.0.1080.1080.180/008vUh9xly8h806c1n3vcj30u00u0jvv.jpg?KID=imgbed,tva&Expires=1744091035&ssig=C77yVVwiAS"
5152085839708515,2025-04-06,0,ç¦å»º,[èµ],åæœªå¦ˆå¦ˆ,f,å…¶ä»–,"https://tvax1.sinaimg.cn/crop.0.0.664.664.180/005BCEG7ly8fdt1nrszavj30ig0iggme.jpg?KID=imgbed,tva&Expires=1744091035&ssig=wG%2FQtLxyJR"
5152085839708515,2025-04-06,0,å¹¿ä¸œ,çŸ³æ¦´çœ‹èµ·æ¥å¾ˆç”œ,é‡å²å›,f,å…¶ä»–,"https://tvax3.sinaimg.cn/crop.0.0.1023.1023.180/008EnLCcly8hx99yk7l8vj30sg0sfdil.jpg?KID=imgbed,tva&Expires=1744091035&ssig=9KfbP%2BjvoS"
5152085839708515,2025-04-05,0,æ±Ÿè¥¿,[good],hf_ch,f,æ±Ÿè¥¿,"https://tvax4.sinaimg.cn/crop.14.0.721.721.180/9fc7390ely8fe1eldychgj20ku0k10tg.jpg?KID=imgbed,tva&Expires=1744091035&ssig=Str0xHnZnc"
5151844046479099,2025-04-04,1,é‡åº†,æ™šå®‰[æœˆäº®],é˜¿èˆªå®‡DHTTPDå¿ƒç¢è€…,m,å…¶ä»–,"https://tvax1.sinaimg.cn/crop.0.0.1080.1080.180/006atygGgy1hzz6bzvxucj30u00u0goi.jpg?KID=imgbed,tva&Expires=1744091036&ssig=fEjvxaidkH"
5151844046479099,2025-04-04,1,å¹¿ä¸œ,æ™šå®‰,çº¯æ¨ONLY_HATE,m,å…¶ä»–,"https://tvax3.sinaimg.cn/crop.0.0.1080.1080.180/008D4zJ4ly8hxtmjwfzk3j30u00u0419.jpg?KID=imgbed,tva&Expires=1744091036&ssig=HWBsiY4Dmg"
5151844046479099,2025-04-04,1,æ¹–åŒ—,æ™šå®‰,å°çŒ«æ·‹é›¨è¯—,f,æ¹–åŒ—,"https://tvax2.sinaimg.cn/crop.0.0.1076.1076.180/00881Id5ly8hyx479nezxj30tw0twjuc.jpg?KID=imgbed,tva&Expires=1744091036&ssig=KwG%2F3iVvzV"
5151844046479099,2025-04-04,1,è´µå·,æ™šå®‰,Cicicada_,f,å…¶ä»–,"https://tvax4.sinaimg.cn/crop.0.0.1080.1080.180/73f3cd0cly8hvzwp558bhj20u00u0406.jpg?KID=imgbed,tva&Expires=1744091036&ssig=u6oHS5Fa6X"
5151844046479099,2025-04-04,1,æ¹–å—,æ™šå®‰,èŠ±é…¿æ¤°å­-,f,æ¹–å—,"https://tvax1.sinaimg.cn/crop.0.0.1080.1080.180/006VOlp0ly8hzukv52dz1j30u00u0abl.jpg?KID=imgbed,tva&Expires=1744091036&ssig=MtUEwrT9uY"
5151844046479099,2025-04-04,1,å››å·,æ™šå®‰,ç«ç‘°é…’æ­Œ,f,å››å·,"https://tvax4.sinaimg.cn/crop.0.0.1080.1080.180/008Cqpwgly8i00moyo8i1j30u00u0q4g.jpg?KID=imgbed,tva&Expires=1744091036&ssig=kx2lOo0ojh"
5151844046479099,2025-04-05,1,å¹¿è¥¿,æ™šå®‰,é˜¿ç“œæ›¦æ›¦å“ˆå“ˆ,f,å…¶ä»–,"https://tvax3.sinaimg.cn/crop.0.0.1080.1080.180/008uyxKXly8hy7ts6pytmj30u00u0q53.jpg?KID=imgbed,tva&Expires=1744091036&ssig=hoUEB9%2BuNn"
5151844046479099,2025-04-05,0,æµ™æ±Ÿ,æ—©å®‰[åŠ æ²¹],æ¢æ™¨ç¾å©§,m,æµ™æ±Ÿ,"https://tvax1.sinaimg.cn/crop.0.0.800.800.180/42adbdcdly8hxkdpqmyngj20m80m8jtf.jpg?KID=imgbed,tva&Expires=1744091036&ssig=wX2ql0bwLX"
5151844046479099,2025-04-05,0,æ„å¤§åˆ©,æ™šå®‰ğŸ’˜,ä¸é è°±çš„æ±½æ°´ç½è„‘,m,æµ·å¤–,"https://tvax3.sinaimg.cn/crop.0.0.512.512.180/008H5Ftuly8hzoq4gfijgj30e80e8dga.jpg?KID=imgbed,tva&Expires=1744091036&ssig=4s4lQG8Z7l"
5151844046479099,2025-04-05,0,æ²³å—,æ™šå®‰,ä¸€ç­‰æ¸…çº¯èŒ¶,f,æ²³å—,"https://tvax1.sinaimg.cn/crop.0.0.1080.1080.180/006FI5xVly8i06ksw4bmoj30u00u0tac.jpg?KID=imgbed,tva&Expires=1744091036&ssig=LO%2BosHuJl8"
5151844046479099,2025-04-05,0,å¹¿è¥¿,æ™šå®‰[æœˆäº®],çˆ±æ‰“ç½‘çƒçš„å—å®«ä¿Šç‡•,f,å¹¿ä¸œ,"https://tvax1.sinaimg.cn/crop.0.0.419.419.180/008dwwBUly8hzg92j1xajj30bn0bnq3a.jpg?KID=imgbed,tva&Expires=1744091036&ssig=tFFW7a%2FaI8"
5151844046479099,2025-04-05,0,åŒ—äº¬,æ™šå®‰[æœˆäº®],è«ç¦»_å°å…®dyxx0720,f,å…¶ä»–,"https://tvax3.sinaimg.cn/crop.0.0.928.928.180/776c7411ly8hzsiajiuoqj20ps0ps418.jpg?KID=imgbed,tva&Expires=1744091036&ssig=XjMMO8fpUO"
5151844046479099,2025-04-05,0,ç¦å»º,æ™šå®‰,å¬å¬æƒ³åƒå¥¶é—¹,f,æµ™æ±Ÿ,"https://tvax2.sinaimg.cn/crop.0.0.1080.1080.180/007ixN1Kly8hy7jjev139j30u00u0jti.jpg?KID=imgbed,tva&Expires=1744091036&ssig=flYaaxmN%2Fk"
5151844046479099,2025-04-05,0,æµ·å—,åšæŒå°±æ˜¯èƒœåˆ©[å¹é£è½¦],XLæ‡’å¾—ç†ä½ ,f,å…¶ä»–,"https://tvax4.sinaimg.cn/crop.0.0.1080.1080.180/006ImHKqly8hyk2or3fc9j30u00u0k00.jpg?KID=imgbed,tva&Expires=1744091036&ssig=3J95MGOX1E"
5151844046479099,2025-04-05,0,æµ·å—,æ™šå®‰,å°å“¼ç‚¸æœæœ,f,æµ·å¤–,"https://tvax2.sinaimg.cn/crop.0.0.1080.1080.180/005WvRXPly8hxv4iy5ogbj30u00u0abo.jpg?KID=imgbed,tva&Expires=1744091036&ssig=xiCcefXtx8"
5151844046479099,2025-04-05,0,æ±Ÿè‹,æ™šå®‰[å¿ƒ],ä¸å¼€å¿ƒsylvia,f,æ±Ÿè‹,"https://tvax4.sinaimg.cn/crop.0.0.1080.1080.180/006zq2a3ly8hmoa4zbvnzj30u00u0djo.jpg?KID=imgbed,tva&Expires=1744091036&ssig=%2FfNTzrX30L"
5151844046479099,2025-04-05,0,æ²³å—,æ™šå®‰,ä»Šå¤©ä¹Ÿå›°åˆ°ææƒš,f,å…¶ä»–,"https://tvax2.sinaimg.cn/crop.0.0.374.374.180/005JzDFEly8hvryltwbuhj30ae0aet8t.jpg?KID=imgbed,tva&Expires=1744091036&ssig=pzZpGp%2BCeC"
5151844046479099,2025-04-05,0,å¾·å›½,æ™šå®‰ğŸ’•,å•¸å•¸ä¾ç„¶,m,æµ·å¤–,"https://tvax1.sinaimg.cn/crop.0.0.640.640.180/006FvQGply8g71g1me5kzj30hs0hsdgl.jpg?KID=imgbed,tva&Expires=1744091036&ssig=GxJr46lSel"
5151844046479099,2025-04-05,0,å¹¿è¥¿,Daisy ğŸŒ¼ æ™šå®‰,XYL70011991,f,å…¶ä»–,"https://tvax3.sinaimg.cn/crop.0.0.720.720.180/007W0FQ5gy1hx71ma08b6j30k00k0q3t.jpg?KID=imgbed,tva&Expires=1744091036&ssig=GAM7rWOjEf"
5151844046479099,2025-04-05,0,ä¸­å›½æ¾³é—¨,æ™šå®‰ğŸŒ™,Kason1229,f,æ¾³é—¨,"https://tvax3.sinaimg.cn/crop.0.0.996.996.180/0071BfB3ly8fms0bsmui3j30ro0roq56.jpg?KID=imgbed,tva&Expires=1744091036&ssig=3DanbObjO%2F"
5148772325657279,2025-03-27,0,å±±è¥¿,å…¨æ™¯è§†è§’å•Š[é€èŠ±èŠ±],detectional,m,å…¶ä»–,"https://tvax1.sinaimg.cn/crop.0.0.940.940.180/008ETlduly8hw83hwuyiyj30q40q475n.jpg?KID=imgbed,tva&Expires=1744091037&ssig=OWt6IsuYVS"
5148772325657279,2025-03-27,3,åŒ—äº¬,ç¥å¥‡çš„è§’åº¦ï¼Œç‹¬ç‰¹çš„è§†è§’ï¼Œ è¯—æ„çš„ç«èŠ±ï¼Œåœ¨æ­¤äº¤æ±‡ã€‚,è‰æ ¹è¯—äºº,m,å…¶ä»–,"https://tvax4.sinaimg.cn/crop.0.0.600.600.180/008DCCBlly8hp494gcekbj30go0goq5y.jpg?KID=imgbed,tva&Expires=1744091037&ssig=BkWqaxFT1P"
5148772325657279,2025-03-27,1,æµ™æ±Ÿ,å¦™å¦™,lemonn1_,m,å…¶ä»–,"https://tvax3.sinaimg.cn/crop.0.0.512.512.180/007X00xKly8hzq1hwqm58j30e80e8dgx.jpg?KID=imgbed,tva&Expires=1744091037&ssig=W8HohcaPiV"
5148772325657279,2025-03-27,0,å®‰å¾½,å®å®è¶…èŒè§†è§’[doge],ç”¨æˆ·7805223548,f,å…¶ä»–,"https://tvax3.sinaimg.cn/crop.0.0.1080.1080.180/008wdVcoly8hw9x51iycrj30u00u00ve.jpg?KID=imgbed,tva&Expires=1744091037&ssig=kW04KKeFUj"
5148772325657279,2025-03-27,2,å†…è’™å¤,180è§†è§’çš„æ„Ÿè§‰[çˆ±ä½ ],oooooone_,f,å…¶ä»–,"https://tvax3.sinaimg.cn/crop.0.0.176.176.180/007mbDdXly8hx991hipamj304w04w0sl.jpg?KID=imgbed,tva&Expires=1744091037&ssig=DOTsWabHTs"
5148772325657279,2025-03-28,0,å››å·,å’‹æ‹éƒ½å¥½çœ‹ï¼ï¼[é€èŠ±èŠ±],ä¸å–œæ¬¢å˜»å˜»-,f,å››å·,"https://tvax2.sinaimg.cn/crop.0.0.690.690.180/008xaBWBly8hvpp450manj30j60j6gn8.jpg?KID=imgbed,tva&Expires=1744091037&ssig=hGakmU3ERE"
5148772325657279,2025-03-27,2,æµ™æ±Ÿ,ç¾ç±³ç±³å“’[é¼“æŒ][æ‰“call],çˆ±åƒè¾£çš„æ³¡æ³¡é¾™,m,å…¶ä»–,"https://tvax3.sinaimg.cn/crop.0.0.500.500.180/0065pPu2ly8hk9sf2967tj30dw0dwdgg.jpg?KID=imgbed,tva&Expires=1744091037&ssig=boyquDuFLB"
5148772325657279,2025-04-06,0,æ¹–å—,[æ³ª][æ³ª][æ³ª]å¥½ç¾,å°äº­ç»‡ç¹æ˜Ÿ,f,æ¹–å—,"https://tvax2.sinaimg.cn/crop.0.0.1080.1080.180/008rCsfgly8huqxzkxunbj30u00u0q7v.jpg?KID=imgbed,tva&Expires=1744091037&ssig=tGl9cKxMEn"
5148772325657279,2025-04-05,0,å±±ä¸œ,å¥½æ¼‚äº®[æ‰“call][æ‰“call],å¸Œæœ›å†è§ç¥é¢0618,f,å±±ä¸œ,"https://tvax1.sinaimg.cn/crop.0.0.1080.1080.180/0084UWGkly8i05y44ztuzj30u00u0jv2.jpg?KID=imgbed,tva&Expires=1744091037&ssig=bySYbP9rE9"
5148772325657279,2025-04-02,0,å¹¿ä¸œ,å®å®ä½ æ˜¯å¯çˆ±çš„å°è›‹ç³•ï¼ï¼,æ·±é™·ç›®é»‘æ²¼,f,å°æ¹¾,"https://tvax1.sinaimg.cn/crop.0.0.750.750.180/e03876dfly8i04djdmrlpj20ku0kuwfn.jpg?KID=imgbed,tva&Expires=1744091037&ssig=5JRrvxq3VU"
5148772325657279,2025-04-01,0,æ²³åŒ—,å®å®æˆ‘å¯ä»¥ç”¨ä½ åšå¤´åƒå—[å“‡][å“‡][å“‡][å“‡],å“‡å“ˆå“ˆå“ˆå“ˆå“ˆå“ˆå“ˆå¥½å˜¿å˜¿å˜¿,f,å…¶ä»–,"https://tvax1.sinaimg.cn/crop.0.0.960.960.180/0083PsPbly8hvfpoa8obaj30qo0qodh3.jpg?KID=imgbed,tva&Expires=1744091037&ssig=TvA9ycl%2BQp"
5148772325657279,2025-03-29,0,æ±Ÿè¥¿,å¥½çœ‹çš„,å°ç„¶ä¸åƒè¾£_,m,æ±Ÿè¥¿,"https://tvax1.sinaimg.cn/crop.0.0.748.748.180/008FszVlly8i05ny6cs1oj30ks0kswfg.jpg?KID=imgbed,tva&Expires=1744091037&ssig=Mmm4fAeXkJ"
5148772325657279,2025-03-29,0,å±±ä¸œ,æ€ä¹ˆæ‹éƒ½å¥½çœ‹çš„å•¦[æ‰“call],å°æ¡‰199409,m,å±±ä¸œ,"https://tvax4.sinaimg.cn/crop.0.0.664.664.180/008wVBwRly8hk9za8ryo3j30ig0ig75y.jpg?KID=imgbed,tva&Expires=1744091037&ssig=%2BNDH4DpORM"
5148772325657279,2025-03-27,0,ä¸Šæµ·,å¥½ç¾å®å®[å…”å­],æœˆæœˆyying,f,ä¸Šæµ·,"https://tvax1.sinaimg.cn/crop.0.0.906.906.180/007u9uUdly8hpn77gut93j30p60p675k.jpg?KID=imgbed,tva&Expires=1744091037&ssig=XsZrPz3DU%2B"
5148772325657279,2025-04-05,0,å¹¿ä¸œ,å¥½ç¾ï¼ï¼ï¼ï¼,Yu-Qiu_,f,å¹¿ä¸œ,"https://tvax2.sinaimg.cn/crop.0.0.512.512.180/008kEFBBly8hzqmte0fsnj30e80e8t93.jpg?KID=imgbed,tva&Expires=1744091037&ssig=dw5L43%2BJDo"
5148772325657279,2025-03-31,0,è´µå·,ç¬¬ä¸€å¼ æœ‰æ— æ°´å°çš„å— æƒ³å½“å±ä¿[æ³ª],æƒ³å’ŒAngelababyä¸€èµ·åƒæ—©é¤,m,åŒ—äº¬,"https://tvax2.sinaimg.cn/crop.0.0.1080.1080.180/008i99a9ly8hz6bq4kmuqj30u00u0wg5.jpg?KID=imgbed,tva&Expires=1744091037&ssig=ntpEyUQZBD"
5148772325657279,2025-04-08,0,æ±Ÿè¥¿,å¾ˆç¾çš„è€å©†,æ˜¥å°½å®‰å®‰å®‰,f,æ±Ÿè¥¿,"https://tvax2.sinaimg.cn/crop.0.0.960.960.180/008xpudnly8hzx17zr573j30qo0qojus.jpg?KID=imgbed,tva&Expires=1744091037&ssig=eYsG2AeFtq"
5148772325657279,2025-04-07,0,å¤©æ´¥,å“‡è¶£å¥½ç¾,å°åœ†å¬å¬å¬å¬é›¨çœ ,f,å…¶ä»–,"https://tvax4.sinaimg.cn/crop.0.0.512.512.180/008fXRaTly8hld0hivpf7j30e80e83z1.jpg?KID=imgbed,tva&Expires=1744091037&ssig=%2BtAPJn4urg"
5148772325657279,2025-04-07,0,å¤©æ´¥,æˆ‘çš„å¦ˆå‘€ï¼Œè¿™ä¹Ÿå¤ªç¾äº†å§[æ³ª][æ³ª][æ³ª],likeçˆ±æŠ±æŠ±,f,å¤©æ´¥,"https://tvax2.sinaimg.cn/crop.0.0.1080.1080.180/006X2WBrly8htl9r2gxkvj30u00u0dio.jpg?KID=imgbed,tva&Expires=1744091037&ssig=H9tGtpchK5"
5148772325657279,2025-04-07,0,å¹¿ä¸œ,å®å®å¯ä»¥æ‹¿ä½ çš„ç…§ç‰‡å½“å¤´åƒå—ğŸ¥¹çœŸçš„å¥½æ¼‚äº®[æŠ±ä¸€æŠ±],é˜¿æ»¡çš„äºšå¤´,f,å¹¿ä¸œ,"https://tvax4.sinaimg.cn/crop.0.0.405.405.180/007Ljyioly8hylxsp20qjj30b90b9aac.jpg?KID=imgbed,tva&Expires=1744091037&ssig=1VYkxN6XGL"
5150269483254325,2025-03-31,4,å±±è¥¿,å“‡å¡è¿™ä¹Ÿå¤ªå¥½çœ‹äº†å§ï¼Œå¤ªé˜³å…‰çœŸçš„å¾ˆæ¸©æš–çš„æ„Ÿè§‰[åç¬‘],ä½ æ˜¯æˆ‘å®¶ä½£äºº,f,å±±è¥¿,"https://tvax2.sinaimg.cn/crop.0.0.1080.1080.180/008AefRlly8hh28kwdsyaj30u00u0n1j.jpg?KID=imgbed,tva&Expires=1744091037&ssig=63OBzJu%2B%2Ft"
5150269483254325,2025-03-31,1,å±±ä¸œ,æƒ³èººåœ¨è¿™æ£µå¤§æ ‘åº•ä¸‹ï¼Œå°½æƒ…çš„äº«å—é˜³å…‰çš„æ²æµ´,å…¬äº¤è½¦ä¸Šå¬å¬æ­Œ,m,å…¶ä»–,"https://tvax1.sinaimg.cn/crop.0.0.1067.1067.180/005OZYI4ly8hroos2nh96j30tn0tnacd.jpg?KID=imgbed,tva&Expires=1744091037&ssig=9KwGBR3Ns3"
5150269483254325,2025-03-31,3,æµ™æ±Ÿ,è¿™ä¸ªåœºæ™¯çœ‹ç€ä¹Ÿå¤ªæ²»æ„ˆäº†ï¼Œå¥½æ¢¦å¹»çš„æ„Ÿè§‰,å¤•å¤•å­æ˜¯æˆ‘å‘€,f,æµ™æ±Ÿ,"https://tvax3.sinaimg.cn/crop.0.0.996.996.180/912427e6ly8gm96kyyobmj20ro0rotav.jpg?KID=imgbed,tva&Expires=1744091037&ssig=TqfPoW6tsH"
5150269483254325,2025-04-03,1,æµ™æ±Ÿ,å…‰æ˜¯ä¹¦æ ‘çš„å¿ƒè„[å¤ªé˜³],å°é»„è¦å¼€å¿ƒHAPPY,f,æ²³å—,"https://tvax2.sinaimg.cn/crop.0.0.1080.1080.180/006xRg4ily8htxb61hx9pj30u00u0gnj.jpg?KID=imgbed,tva&Expires=1744091037&ssig=zqBo%2FZWm2S"
5150269483254325,2025-04-08,0,å››å·,é˜³å…‰æ— é™ç¾å¥½[å“‡],æˆ‘ä»¬5201314æ˜Ÿè¾°å¤§æµ·çš„,m,å…¶ä»–,"https://tvax4.sinaimg.cn/crop.0.0.796.796.180/008fNcq8ly8hxuo0hb6qdj30m40m4gng.jpg?KID=imgbed,tva&Expires=1744091037&ssig=EzY3f1jdnW"
5150269483254325,2025-04-07,0,å±±è¥¿,[æ‰“call][æ‰“call],æ¢¦ç¢çš„å£°éŸ³34,f,å±±è¥¿,"https://tvax4.sinaimg.cn/crop.0.0.1080.1080.180/005OwRKRly8hc7cmjxui8j30u00u0mxz.jpg?KID=imgbed,tva&Expires=1744091037&ssig=gP5qw4kkc%2B"
5150269483254325,2025-04-04,0,å¹¿ä¸œ,å¥½çœ‹[çˆ±ä½ ],æ¾œé¸¢-,f,åŒ—äº¬,"https://tvax3.sinaimg.cn/crop.0.0.690.690.180/b0360fbbly8hcppzdl7eej20j60j6dhj.jpg?KID=imgbed,tva&Expires=1744091037&ssig=XVo4iX30dG"
5150269483254325,2025-04-03,0,æ¹–å—,[æŠ±æŠ±],å¶å­ç³•ç³•,f,å…¶ä»–,"https://tvax3.sinaimg.cn/crop.0.0.996.996.180/007p6rBnly8gq2ewuib46j30ro0rogme.jpg?KID=imgbed,tva&Expires=1744091037&ssig=%2F43L%2BuPR2p"
5150269483254325,2025-03-31,0,æ±Ÿè¥¿,è¿™ä¹Ÿå¤ªæ¢¦å¹»å•¦çœ‹ç€å°±å¾ˆæœ‰æ°›å›´æ„Ÿçš„æ ·å­å‘€,ç³•å†·ktå°çŒ«å’ª,f,æ±Ÿè¥¿,"https://tvax3.sinaimg.cn/crop.0.0.720.720.180/008uJbdNly8h5d7y6jarsj30k00k0ab7.jpg?KID=imgbed,tva&Expires=1744091037&ssig=LCaVImMJR2"
5150269483254325,2025-03-31,0,å››å·,å› ä¸ºç‰¹åˆ«å–œæ¬¢è¿™æ ·çš„æ°›å›´ï¼Œä¹Ÿæ˜¯çœŸçš„å¾ˆç¾å¥½å•Š,æŠ«è¨lalla,f,å…¶ä»–,"https://tvax3.sinaimg.cn/crop.0.0.1080.1080.180/008tEl7nly8h8yp4njmwsj30u00u0ab7.jpg?KID=imgbed,tva&Expires=1744091037&ssig=bxytJDt75r"
5150269483254325,2025-04-05,0,å®‰å¾½,å¥½ç¾,æ¿æ­†,f,æ±Ÿè‹,"https://tvax4.sinaimg.cn/crop.0.0.810.810.180/008t6Bmcly1hzq1lpdak0j30mi0mignj.jpg?KID=imgbed,tva&Expires=1744091037&ssig=I9H7QHtzU%2B"
5150269483254325,2025-04-04,0,æµ™æ±Ÿ,çœ‹ç€å¥½æ²»æ„ˆï¼,-ä»€ä¹ˆå°æ¬£,f,æµ™æ±Ÿ,"https://tvax1.sinaimg.cn/crop.0.0.1080.1080.180/008v3oJ1ly8hzy70jf8idj30u00u0whi.jpg?KID=imgbed,tva&Expires=1744091037&ssig=HvexYtnz7%2F"
5150269483254325,2025-04-03,0,ç¦å»º,é›†ç¾å­¦æ‘[å¥½å–œæ¬¢],ç¢å˜´å­å­zzZ,f,ç¦å»º,"https://tvax4.sinaimg.cn/crop.0.0.1080.1080.180/00784Utgly8hzqpeukxicj30u00u0whm.jpg?KID=imgbed,tva&Expires=1744091037&ssig=jSvVhBCugy"
5150269483254325,2025-03-31,0,åŒ—äº¬,å“‡å“¦ï¼Œè¿™æ˜¯å¤§è‡ªç„¶çš„æµªæ¼«å—[å¿ƒ],æ‘„å½±æ³¢ç‰¹,f,å…¶ä»–,"https://tvax1.sinaimg.cn/crop.0.0.1080.1080.180/008DC31rly8how7fzukqnj30u00u0gnq.jpg?KID=imgbed,tva&Expires=1744091037&ssig=7dcWO0bsfg"
5150269483254325,2025-04-06,1,æ¹–åŒ—,@å¸ƒé²å°¼è«,è™è™deäº²éº»éº»,f,é™•è¥¿,"https://tvax4.sinaimg.cn/crop.0.0.1080.1080.180/006oSGQzly8hsutor0iahj30u00u0gmh.jpg?KID=imgbed,tva&Expires=1744091037&ssig=qj6BEXThyM"
5150269483254325,2025-04-08,0,å‰æ—,[ç¾å—’å—’],svovnvg,f,å‰æ—,"https://tvax1.sinaimg.cn/crop.0.0.831.831.180/00639vNvly8h2rl7ph65nj30n30n3abb.jpg?KID=imgbed,tva&Expires=1744091037&ssig=11fgu4mtip"
5150269483254325,2025-04-07,0,å®‰å¾½,ç¤¼æ‹¿p1,çˆ±ruiå·´è¿ª,f,å®‰å¾½,"https://tvax2.sinaimg.cn/crop.0.0.960.960.180/008agArPly8hle66vbdvzj30qo0qoab2.jpg?KID=imgbed,tva&Expires=1744091037&ssig=YN0s9kJlTK"
5150269483254325,2025-04-07,0,å››å·,è½¬å‘å¾®åš,è¿½è¿½è¿½è¿½é€é£,f,å±±ä¸œ,"https://tvax4.sinaimg.cn/crop.0.0.960.960.180/006xJQwGly8hhhj4icbhsj30qo0qomzp.jpg?KID=imgbed,tva&Expires=1744091037&ssig=TfKu5gTMpV"
5150269483254325,2025-04-07,0,å±±ä¸œ,ç¤¼æ‹¿,dtc-23,f,å…¶ä»–,"https://tvax4.sinaimg.cn/crop.0.0.1080.1080.180/008z68i7ly8hqa0wvioigj30u00u00y7.jpg?KID=imgbed,tva&Expires=1744091037&ssig=qaAWajtyf6"
5150269483254325,2025-04-07,0,å¹¿ä¸œ,å¥½çœ‹[çˆ±ä½ ],è·¯å°½è§æˆ‘é™³åŒ—ç„,m,å¹¿ä¸œ,"https://tvax3.sinaimg.cn/crop.0.0.998.998.180/006bAwA4ly8hezfg0yhzvj30rq0rqq70.jpg?KID=imgbed,tva&Expires=1744091037&ssig=YZoA3HAGoB"
5152543488610639,2025-04-06,1,è¾½å®,éº¦é¦™çœŸçš„å¾ˆå¥½å¬ã€‚è¿˜æœ‰å¬å¦ˆå¦ˆçš„è¯,æ´›å¥•ä¸çˆ±åƒé¥­,m,å…¶ä»–,"https://tvax2.sinaimg.cn/crop.0.0.969.969.180/008zEQGaly8hv73lxmnjej30qx0qx0uf.jpg?KID=imgbed,tva&Expires=1744091038&ssig=8%2BPytfbfXC"
5152543488610639,2025-04-06,1,æµ™æ±Ÿ,[æ‰“call][æ‰“call],ç”¨æˆ·7945888683,m,å…¶ä»–,"https://tvax3.sinaimg.cn/crop.0.0.132.132.180/008FK8CTly4ht4miy9y3fj303o03o0sk.jpg?KID=imgbed,tva&Expires=1744091038&ssig=UM6UZ6VpTw"
5152543488610639,2025-04-06,1,å¹¿ä¸œ,è¯„è®ºè¿™ä¹ˆå°‘çš„,Zæ¡”å­o,f,å¹¿ä¸œ,"https://tva3.sinaimg.cn/crop.0.384.1066.1066.180/a5cf19dcjw8ex0h57qsq2j20u01hcjtu.jpg?KID=imgbed,tva&Expires=1744091038&ssig=ZknsOKrqGZ"
5152543488610639,2025-04-07,1,æ–°ç–†,å’Œå¶åƒåŒä¸€å¹´ç»“å©š ä»Šå¹´ä¹Ÿåå¹´äº†[å¿ƒ],_æ·±æµ·é‡Œçš„çƒŸç«_,f,æ–°ç–†,"https://tvax3.sinaimg.cn/crop.0.0.512.512.180/7055907dly8hxau31pt4kj20e80e8jru.jpg?KID=imgbed,tva&Expires=1744091038&ssig=s0GtbwsLbU"
5152543488610639,2025-04-08,0,å±±ä¸œ,çœŸå¥½,å—æ €å¾®å¾®å‡‰å‡‰,f,å±±ä¸œ,"https://tvax2.sinaimg.cn/crop.0.0.996.996.180/0065MoFcly8gv5y27dd4tj60ro0ro41b02.jpg?KID=imgbed,tva&Expires=1744091038&ssig=FCcJqFhvim"
5152543488610639,2025-04-07,0,å¹¿ä¸œ,[å¿ƒ],yuanjia1106,f,å¹¿ä¸œ,"https://tva3.sinaimg.cn/crop.0.0.80.80.180/0067iG6jjw8erwwc3vt8cj3028028q2p.jpg?KID=imgbed,tva&Expires=1744091038&ssig=jl4zZzg32d"
5152543488610639,2025-04-07,1,å®‰å¾½,[good],_MuMaè‡ªç„¶å·,f,å…¶ä»–,"https://tva4.sinaimg.cn/crop.14.21.155.155.180/8796e218tw1ee3xsijxrmj20500503yd.jpg?KID=imgbed,tva&Expires=1744091038&ssig=eab06D%2B%2F7o"
5152543488610639,2025-04-07,0,å®‰å¾½,åå¹´äº†ä»–ä¿©ä¸€ç›´éƒ½åœ¨ä¸€èµ·,æœ¨å­Læ™¶æ™¶,f,æµ™æ±Ÿ,"https://tvax3.sinaimg.cn/crop.0.0.1080.1080.180/9a49a1ecly8h7pljr3jzhj20u00u0422.jpg?KID=imgbed,tva&Expires=1744091038&ssig=l1G0FBzW1O"
5152543488610639,2025-04-07,0,å¹¿ä¸œ,[å¤ªé˜³],Venus_Yiu,f,æµ·å¤–,"https://tvax1.sinaimg.cn/crop.0.0.1080.1080.180/005KM5eJly8hyirxiowpcj30u00u0dk8.jpg?KID=imgbed,tva&Expires=1744091038&ssig=tg64UHCErI"
5152543488610639,2025-04-07,0,å®‰å¾½,[å¤ªé˜³][å¤ªé˜³][å¤ªé˜³],éŸ©æ›¦Sakura,f,å…¶ä»–,"https://tva1.sinaimg.cn/crop.0.0.996.996.180/3dad9836jw8f8gbadoonnj20ro0rojtl.jpg?KID=imgbed,tva&Expires=1744091038&ssig=uWb5KJNCyF"
5152543488610639,2025-04-07,0,ç¦å»º,å¥½å¯çˆ±,æ˜Ÿé™ˆå“²ä¹ˆç“’è¿œå—,f,å…¶ä»–,"https://tvax4.sinaimg.cn/crop.0.0.1080.1080.180/008rAM1Lly8hofuul24dvj30u00u00u3.jpg?KID=imgbed,tva&Expires=1744091038&ssig=%2BV%2BWfqQ4%2FT"
5152543488610639,2025-04-07,0,å†…è’™å¤,[å¿ƒ],æƒ³è¯´ä»€ä¹ˆä¹Ÿä¸çŸ¥é“,f,åŒ—äº¬,"https://tvax3.sinaimg.cn/crop.0.0.828.828.180/008bbmvcly8hb59kw3fxfj30n00n0my4.jpg?KID=imgbed,tva&Expires=1744091038&ssig=C9ra0ZJqRX"
5152543488610639,2025-04-07,0,å±±ä¸œ,ï¼Œï¼Œ,äº‘æ·¡é£è½»æ¸…,f,å±±ä¸œ,"https://tvax2.sinaimg.cn/crop.0.0.664.664.180/6b35ae51ly8fu4gm2m60qj20ig0ih0tx.jpg?KID=imgbed,tva&Expires=1744091038&ssig=aI5GeFv7kk"
5152543488610639,2025-04-07,0,æ¹–å—,ä½ ç°åœ¨è¿˜å·¥ä½œå˜›,ç”¨æˆ·7723442604,f,å¹¿ä¸œ,"https://tvax3.sinaimg.cn/crop.0.0.1080.1080.180/008qGMeUly8gykmlfvu51j30u00u0jx7.jpg?KID=imgbed,tva&Expires=1744091038&ssig=%2FWzETQQnG2"
5152543488610639,2025-04-07,0,å±±ä¸œ,[èµå•Š],maocx017,m,å±±ä¸œ,"https://tvax1.sinaimg.cn/default/images/default_avatar_male_180.gif?KID=imgbed,tva&Expires=1744091038&ssig=B%2FcV1sXpJX"
5152543488610639,2025-04-07,2,æµ·å—,ç»“å©šåå¹´  åœ¨ä¸€èµ·å¿«15å¹´äº†,æˆ‘æ˜¯å°ç™½ç”œæœ¬äººäº†,f,å…¶ä»–,"https://tvax1.sinaimg.cn/crop.0.0.1080.1080.180/005N4XEKly8g7mod8px63j30u00u0jsx.jpg?KID=imgbed,tva&Expires=1744091038&ssig=hYuxdj2sWo"
5152543488610639,2025-04-06,0,å±±è¥¿,[èµ][èµ][é²œèŠ±][é²œèŠ±],é›ªè²ç§¦,f,å…¶ä»–,"https://tva1.sinaimg.cn/crop.0.0.664.664.180/af11b7e7jw8f75to95we4j20ig0ig75e.jpg?KID=imgbed,tva&Expires=1744091038&ssig=x2dauWQ%2FOl"
5152543488610639,2025-04-06,0,æ²³åŒ—,[å¿ƒ][å¿ƒ][å¿ƒ],æˆ´å…¶å±±,m,æ²³åŒ—,"https://tvax3.sinaimg.cn/crop.0.0.664.664.180/7eefc3aely8ffgkyvgduqj20ig0iggnx.jpg?KID=imgbed,tva&Expires=1744091038&ssig=pOojdFlwRF"
5152543488610639,2025-04-06,0,å¹¿ä¸œ,éƒæ‰å¥³è²Œ[666][666][666],ä¸€ä¸ªæ‡’äºº66,m,å¹¿ä¸œ,"https://tvax4.sinaimg.cn/crop.0.0.940.940.180/008uB7e8ly8hj62dx1to1j30q40q40w4.jpg?KID=imgbed,tva&Expires=1744091038&ssig=VCWxRGg2EK"
5152543488610639,2025-04-07,0,æµ™æ±Ÿ,æ˜†å‡Œè¶Šæ¥è¶Šä¸‘ è¿˜æ˜¯ä¾¯ä½©å²‘å¥½çœ‹çš„å¤š,å°å¤©èœèœ_,f,æµ™æ±Ÿ,"https://tvax4.sinaimg.cn/crop.0.0.512.512.180/a0757aadly8hyfelxp4i8j20e80e874s.jpg?KID=imgbed,tva&Expires=1744091038&ssig=HxyCE%2F40hb"
5152808592998983,2025-04-07,0,ç”˜è‚ƒ,æœ‰æœºä¼šä¸€å®šä¼šå»è¿™é‡Œçœ‹ä¸€çœ‹çš„,å™¢ä¹°å°¬1111,f,æ²³åŒ—,"https://tvax4.sinaimg.cn/crop.0.0.1080.1080.180/005OVXvXly8hzrym4hkxbj30u00u0adz.jpg?KID=imgbed,tva&Expires=1744091039&ssig=ikubov%2FjQ%2F"
5152808592998983,2025-04-07,0,æ²³åŒ—,çœŸçš„æ˜¯éå¸¸ä¸é”™çš„åœ°æ–¹äº†å‘€,ä¸è§é£ä¸ç›¼é›ª,m,ç¦å»º,"https://tvax4.sinaimg.cn/crop.0.0.500.500.180/6d79a598ly8hxykfnacrjj20dw0dw3zq.jpg?KID=imgbed,tva&Expires=1744091039&ssig=CnMjND7gB0"
5152808592998983,2025-04-07,0,æ²³åŒ—,éå¸¸å–œæ¬¢è¿™æ ·çš„æ™¯è‰²å‘¢,ç–¯ç‹‚çš„éº¦å…‹æ–¯éŸ¦è‚¥,m,ç¦å»º,"https://tvax4.sinaimg.cn/crop.0.0.1080.1080.180/005xi7Jwly8hz5vcgzvg2j30u00u0jud.jpg?KID=imgbed,tva&Expires=1744091039&ssig=Dhvdw0ATiK"
5152808592998983,2025-04-07,0,åŒ—äº¬,æˆ‘ä¹Ÿè¦å»è¿™é‡Œæ—…æ¸¸ï¼Œæ‰“å¡äº†,å°é£“é£201608,m,æ¹–å—,"https://tva2.sinaimg.cn/crop.48.0.331.331.180/006xSbrLjw8f6k6nt0vinj30bv09774i.jpg?KID=imgbed,tva&Expires=1744091039&ssig=WUKNa2Nn%2BM"
5152808592998983,2025-04-07,0,åŒ—äº¬,é¦™æ¸¯è¿ªå£«å°¼å€¼å¾—å»æ‰“å¡,å°é£“é£201608,m,æ¹–å—,"https://tva2.sinaimg.cn/crop.48.0.331.331.180/006xSbrLjw8f6k6nt0vinj30bv09774i.jpg?KID=imgbed,tva&Expires=1744091039&ssig=WUKNa2Nn%2BM"
5152808592998983,2025-04-07,0,æ²³åŒ—,çœŸçš„å¾ˆå–œæ¬¢è¿™ç§ç¾ä¸½çš„æ™¯è‰²,xç­‰ä¸‹ä¸€ä¸ªç§‹,m,æ²³åŒ—,"https://tvax1.sinaimg.cn/crop.0.0.960.960.180/005wc5hkly8i02fwumjeuj30qo0qoq6i.jpg?KID=imgbed,tva&Expires=1744091039&ssig=7hZkX9qLZn"
5152808592998983,2025-04-07,0,æ²³åŒ—,å»è¿™é‡Œä½“éªŒä¸€ä¸‹å‘¢,å°æœˆæœˆè·³ä¹Ÿä¼šè¹¦ä¹Ÿä¼š,f,è¾½å®,"https://tvax2.sinaimg.cn/crop.0.0.1080.1080.180/005WRE0nly8hyy0dllgvhj30u00u0acn.jpg?KID=imgbed,tva&Expires=1744091039&ssig=J4Qs8LpuaY"
5152808592998983,2025-04-07,0,ä¸Šæµ·,æ˜¯éå¸¸å–œæ¬¢è¿™é‡Œçš„ç¾æ™¯,æ†¨æ†¨å¦¹å„¿c,f,å››å·,"https://tva2.sinaimg.cn/crop.0.0.996.996.180/0067S4gUjw8f6531oropcj30ro0rpgnm.jpg?KID=imgbed,tva&Expires=1744091039&ssig=wgN7O0IdZG"
5152808592998983,2025-04-07,0,é»‘é¾™æ±Ÿ,åœ¨è¿™é‡Œæ‹ç…§çœŸçš„å¥½ç…§ç‰‡å•Š,Huangjunya,f,è´µå·,"https://tva3.sinaimg.cn/crop.0.4.750.750.180/c455c4a3jw8f7dvji8fy6j20ku0l2ta2.jpg?KID=imgbed,tva&Expires=1744091039&ssig=Fa%2FvqTusp4"
5152808592998983,2025-04-07,0,ä¸Šæµ·,æ™¯è‰²çœ‹èµ·æ¥è¿˜æ˜¯å¾ˆä¸é”™çš„,å¯ä¹é›ªç¢§å†°ç»¿èŒ¶,f,å…¶ä»–,"https://tvax2.sinaimg.cn/crop.0.0.1080.1080.180/008DoITJly8hwi2ynvxoxj30u00u0jvp.jpg?KID=imgbed,tva&Expires=1744091039&ssig=FeUjhstlxi"
5152808592998983,2025-04-07,0,å››å·,æœ‰æœºä¼šä¸€å®šè¦å»çœ‹çœ‹,ç³å¦¹å„¿100,f,å››å·,"https://tva3.sinaimg.cn/crop.0.0.1242.1242.180/006dfWpTjw8f1868wngpgj30yi0yign2.jpg?KID=imgbed,tva&Expires=1744091039&ssig=wugb4WC7IW"
5152808592998983,2025-04-07,0,æ²³åŒ—,æˆ‘ä¹Ÿæƒ³è¦å»è¿™ä¸ªæµ·æ´‹å…¬å›­,åˆ†é‡åˆ©äº¬,f,å‰æ—,"https://tva3.sinaimg.cn/crop.0.99.602.602.180/006DIOu2jw1faus8oikvmj30gq0m8dgf.jpg?KID=imgbed,tva&Expires=1744091039&ssig=57yxdgb6KT"
5152808592998983,2025-04-08,0,å¹¿ä¸œ,[å¨æ­¦],æ—¶é—´å†²æ·¡ä¸€åˆ‡V5,m,å¹¿ä¸œ,"https://tva2.sinaimg.cn/crop.0.0.664.664.180/8159f361jw8fcdh5h6yakj20ig0iggot.jpg?KID=imgbed,tva&Expires=1744091039&ssig=urFzN8ZKw5"
5152808592998983,2025-04-07,0,åŒ—äº¬,æœ‰æœºä¼šä¸€å®šè¦å»æ„Ÿå—ä¸€ä¸‹,å°†è¦çš„è™šåº¦å…‰é˜´,f,æ²³åŒ—,"https://tvax2.sinaimg.cn/crop.0.0.512.512.180/008oh26Yly8gu0uhqji3ej60e80e8aak02.jpg?KID=imgbed,tva&Expires=1744091039&ssig=QS%2FVclni9s"
5152808592998983,2025-04-07,0,æ²³åŒ—,çœ‹èµ·æ¥ç¡®å®å¾ˆä¸é”™,æœ€ç¾çš„é£æ™¯æ˜¯æˆ‘çš„å®¶ä¹¡,f,æ²³åŒ—,"https://tvax4.sinaimg.cn/crop.0.0.1080.1080.180/008EgN9gly8hqa0t8disaj30u00u0425.jpg?KID=imgbed,tva&Expires=1744091039&ssig=Xp83nLkeB%2B"
5152808592998983,2025-04-07,0,æ²³åŒ—,æœ‰æœºä¼šä¸€å®šè¦å»çœ‹ä¸€çœ‹,è™šå‡çš„ç²¾ç¥,f,æ²³åŒ—,"https://tvax4.sinaimg.cn/crop.0.0.512.512.180/008of3Waly8gu0uh55veij30e80e80tq.jpg?KID=imgbed,tva&Expires=1744091039&ssig=q9MxcPzQZ6"
5152808592998983,2025-04-07,0,æ²³åŒ—,è¿˜æ²¡æœ‰å»è¿‡é¦™æ¸¯å‘¢,å–ç«æŸ´çš„å°å¥³å­©å­å•Š,m,å…¶ä»–,"https://tvax1.sinaimg.cn/crop.0.0.132.132.180/008p8Cbmly4gukj3qbr10j603o03ojr602.jpg?KID=imgbed,tva&Expires=1744091039&ssig=nwkVQBqHXb"
5152808592998983,2025-04-07,0,æ²³åŒ—,é¦™æ¸¯çš„ç¾é£Ÿè¿˜æ˜¯å¾ˆå€¼å¾—åƒä¸€åƒçš„,çœ¼é‡Œæ¢¦éœ²éƒ½æ˜¯ä½ ,m,æ²³åŒ—,"https://tvax2.sinaimg.cn/crop.0.0.475.475.180/008Fxbcgly8hsusjcl80oj30d70d73yw.jpg?KID=imgbed,tva&Expires=1744091039&ssig=%2FDWxDdZZd4"
5152808592998983,2025-04-07,0,æ²³åŒ—,çœ‹ä¸Šå»çœŸçš„å¾ˆè®©äººå–œæ¬¢å“Ÿã€‚,é“¶æ²³ç»™æˆ‘çš„å”äºº,f,å…¶ä»–,"https://tvax3.sinaimg.cn/crop.0.0.333.333.180/008BXLzgly8hkqqeu6ilaj30990993yr.jpg?KID=imgbed,tva&Expires=1744091039&ssig=bNa1lvtSSu"
5152808592998983,2025-04-07,0,å››å·,çœ‹èµ·æ¥çœŸçš„æ˜¯å¤ªå®Œç¾äº†,ä¸€å®šè¦æ·¡å®šå“ˆå“ˆ,m,å…¶ä»–,"https://tvax4.sinaimg.cn/crop.0.0.500.500.180/008DVxlSly8hpgodwx188j30dw0dwjs3.jpg?KID=imgbed,tva&Expires=1744091039&ssig=TW8%2FahZan4"
5153100575019284,2025-04-08,0,ä¸­å›½é¦™æ¸¯,ä½ çš„æ–°å‘å‹å¾ˆå¥½çœ‹ï¼Œ,æ²¡å¿ƒæ²¡è‚ºæ€»æ¯”æ’•å¿ƒè£‚è‚ºçš„å¥½quan,m,å±±è¥¿,"https://tvax2.sinaimg.cn/crop.0.0.609.609.180/9677d35dly8hymqbeyobvj20gx0gxq3s.jpg?KID=imgbed,tva&Expires=1744091047&ssig=s6XFFMaLMu"
5153105961813131,2025-04-08,0,é™•è¥¿,è¿™ä¸ªå«èŠ±æ‰‹é å—ï¼Ÿå¥½ç¾å‘€,å¢¨æœ¬æ¤ç‰©,f,æµ·å¤–,"https://tvax2.sinaimg.cn/crop.0.0.1080.1080.180/8754344ely8hkrwvczu07j20u00u07fg.jpg?KID=imgbed,tva&Expires=1744091049&ssig=IgTvNQv%2BFn"
5153100521015405,2025-04-08,0,åŒ—äº¬,åŠ æ²¹,æµ·å“¥æ˜¯æˆ‘,m,åŒ—äº¬,"https://tvax1.sinaimg.cn/crop.0.0.1080.1080.180/6312e0e7ly8hnhe7dcdstj20u00u0q5u.jpg?KID=imgbed,tva&Expires=1744091049&ssig=K%2BcNiPsCfN"
5153100521015405,2025-04-08,0,ç¦å»º,åŠé©¬å…¨é©¬,My_PersonaLity,m,ç¦å»º,"https://tva3.sinaimg.cn/crop.0.0.996.996.180/81ca9d9djw8f3rgimojjij20ro0rpjum.jpg?KID=imgbed,tva&Expires=1744091049&ssig=Ou9A%2BHT6L7"
5153100521015405,2025-04-08,0,ç½—ä¼¯ç‰¹,5kåªæ˜¯çƒ­èº«ï¼Œå‘¨æœ«çš„å¤§æˆ˜æ‰æ˜¯é‡å¤´æˆï¼ŒåŠ æ²¹å“¦ï¼[åŠ æ²¹],è¯„è®ºç½—ä¼¯ç‰¹,f,æµ·å¤–,"https://tvax1.sinaimg.cn/crop.0.0.1080.1080.180/006i0XtAly8hzvmxmh1c4j30u00u0ac8.jpg?KID=imgbed,tva&Expires=1744091049&ssig=n%2FWfH7rAgZ"
5153100521015405,2025-04-08,0,æ¹–åŒ—,å‘¨æœ«æ˜¯ä¸æ˜¯è¦å‚åŠ é©¬æ‹‰æ¾ï¼Ÿè¿™æ˜¯ä½ äººç”Ÿä¸­ç¬¬å‡ æ¬¡å‚åŠ å‘¢[é²œèŠ±],è¸é›ªå‡Œäº‘a,m,ç”˜è‚ƒ,"https://tvax3.sinaimg.cn/crop.0.0.964.964.180/47d04ca3ly8hz2xvvn2a9j20qs0qs3z3.jpg?KID=imgbed,tva&Expires=1744091049&ssig=z0uetlnmzF"
5153088433291648,2025-04-08,0,æ±Ÿè‹,æˆ‘ä»–å¦ˆå¥èº«ç©¿å››åå—çš„ å¥å®Œå‡ºå»æ‰ç©¿lulu ä¸Šæ¬¡è¢–å­ç£¨äº†ç‚¹ ç»™æˆ‘å¿ƒç–¼åäº†ã€‚,ç”¨æˆ·286673737694,f,å…¶ä»–,"https://tvax1.sinaimg.cn/crop.0.0.1080.1080.180/006xDfCAly8i05xj6s3roj30u00u0goc.jpg?KID=imgbed,tva&Expires=1744091052&ssig=sDnJ8PFPGc"
5153095975175121,2025-04-08,0,ç½—ä¼¯ç‰¹,æ—©åˆ°çš„æ¸…é£å’ŒèŠ±é¦™ï¼Œå®Œç¾ç»„åˆï¼,è¯„è®ºç½—ä¼¯ç‰¹,f,æµ·å¤–,"https://tvax1.sinaimg.cn/crop.0.0.1080.1080.180/006i0XtAly8hzvmxmh1c4j30u00u0ac8.jpg?KID=imgbed,tva&Expires=1744091054&ssig=qZFTFVRLJa"
5153106790973913,2025-04-08,0,ç½—ä¼¯ç‰¹èªæ˜ç‰ˆ,å‡è‚¥è·¯ä¸Šï¼Œè›‹ç™½æ£’æ˜¯æˆ˜å‹ä¹Ÿæ˜¯å¯¹æ‰‹ï¼ŒæŒ‘æˆ˜å‘³è•¾æé™ï¼ŒåšæŒå°±æ˜¯èƒœåˆ©ï¼ä¸è¿‡ï¼Œæ‰¾åˆ°é€‚åˆè‡ªå·±å£å‘³çš„é‚£ç§æ‰æ˜¯ç‹é“~,è¯„è®ºç½—ä¼¯ç‰¹,f,æµ·å¤–,"https://tvax1.sinaimg.cn/crop.0.0.1080.1080.180/006i0XtAly8hzvmxmh1c4j30u00u0ac8.jpg?KID=imgbed,tva&Expires=1744091056&ssig=HC7olWYoQ8"
5153094153800929,2025-04-08,0,ç½—ä¼¯ç‰¹èªæ˜ç‰ˆ,13å¹´çš„é£é£é›¨é›¨ï¼Œè€ä¼™è®¡è§è¯äº†ä½ çš„æˆé•¿å’Œæ•…äº‹ï¼Œå®ƒçš„å¼•æ“å£°ï¼Œå°±æ˜¯å²æœˆæœ€ç¾çš„æ—‹å¾‹ã€‚è™½ç„¶è¦è¯´å†è§ï¼Œä½†é‚£ä»½é™ªä¼´çš„è®°å¿†ï¼Œä¼šæ°¸è¿œåœ¨è·¯ä¸Šã€‚,è¯„è®ºç½—ä¼¯ç‰¹,f,æµ·å¤–,"https://tvax1.sinaimg.cn/crop.0.0.1080.1080.180/006i0XtAly8hzvmxmh1c4j30u00u0ac8.jpg?KID=imgbed,tva&Expires=1744091057&ssig=9Qep50aJk9"
5153094153800929,2025-04-08,0,ä¸­å›½é¦™æ¸¯,åä¸‰å¹´ä¸€å®šæœ‰æ·±åšçš„æ„Ÿæƒ…äº†æœ‰æ²¡æœ‰äº›ä¸èˆå‘¢ï¼Ÿ,èœ¿èœ’æ›²æŠ˜çš„å±±è·¯1,m,æµ·å¤–,"https://tvax1.sinaimg.cn/crop.0.0.600.600.180/005wNCm4ly8hzc7q7rldbj30go0gotbq.jpg?KID=imgbed,tva&Expires=1744091057&ssig=DwnnyFmmG4"
5153101964642236,2025-04-08,0,äº‘å—,å¥½ä¹…ä¸è§[é²œèŠ±],ä¸è´Ÿå²æœˆ9,m,è¾½å®,"https://tvax1.sinaimg.cn/crop.0.0.1080.1080.180/0063rbBJly8hywm7xe4hbj30u00u0q5r.jpg?KID=imgbed,tva&Expires=1744091058&ssig=gPy3ed0NJE"
5152437163528917,2025-04-07,0,å±±ä¸œ,æœ‰æ˜Ÿï¼Œä¸€å¹´å·®ä¸å¤š10æ¬¡å§[å…æ‚²],åæ­£æˆ‘æ˜¯ä¸æ‡‚,m,å±±ä¸œ,"https://tvax4.sinaimg.cn/crop.0.0.587.587.180/007hLQmDly8hrx2bfnvlxj30gb0gb0tb.jpg?KID=imgbed,tva&Expires=1744091059&ssig=1PRlpO2SMB"
5152437163528917,2025-04-06,0,ä¸­å›½é¦™æ¸¯,åŸæœ¬æœŸå¾…çš„å¹¸ç¦æ¨¡æ ·æ²¡æœ‰å‡ºç°ï¼Œè½å·®æ„Ÿè‚¯å®šå¾ˆå¤§ï¼,å›é”…è‚‰çš„å°è·Ÿç­,m,é¦™æ¸¯,"https://tvax1.sinaimg.cn/crop.0.0.600.600.180/8b587c74ly8i02967b17aj20go0gomz6.jpg?KID=imgbed,tva&Expires=1744091059&ssig=8337KGsLy2"
5152437163528917,2025-04-08,0,å±±ä¸œ,ç»“å©šä¸ƒå¹´ï¼Œæ¯ä¸ªç¤¼æ‹œéƒ½æœ‰,æµ·ä½ å¼€ç©ç¬‘,m,å±±ä¸œ,"https://tva2.sinaimg.cn/crop.0.0.639.639.180/8687aa3djw8f8q8j6syq2j20hs0hr3zm.jpg?KID=imgbed,tva&Expires=1744091059&ssig=mFyEpAKaR1"
5152437163528917,2025-04-07,0,å±±ä¸œ,æ²¡æœ‰æ°¸è¿œçš„ä¿è´¨æœŸï¼Œä»€ä¹ˆä¹Ÿä¸€æ ·,çœŸçš„ä¸åƒé¦™èœTu,m,å±±è¥¿,"https://tvax4.sinaimg.cn/crop.0.0.750.750.180/006hi7hkly8hdzbator8fj30ku0kuq5c.jpg?KID=imgbed,tva&Expires=1744091059&ssig=Y9EjosF6EM"
5152437163528917,2025-04-07,0,å±±ä¸œ,ä»–ç»™ä¸äº†ä½ çš„ï¼Œæˆ‘éƒ½æœ‰ï¼Œè€Œä¸”å¾ˆå¤šï¼Œæ ¼å±€æ‰“å¼€,æœ‰äº†è¿œæ–¹,m,å°æ¹¾,"https://tvax1.sinaimg.cn/crop.0.0.652.652.180/007E6keSly8hbwt7doi7ej30i40i4wgf.jpg?KID=imgbed,tva&Expires=1744091059&ssig=rT54QPf6yR"
5152437163528917,2025-04-07,0,å±±ä¸œ,è¯´æ˜è¿‡å¾—å¤ªå¹¸ç¦äº†ï¼Œäººçš„æ¬²æœ›æ˜¯æ²¡æœ‰å°½å¤´çš„ï¼Œå¤šå°‘äººè¿˜åœ¨ä¸ºæ¸©é¥±æŒ£æ‰å‘¢[å…æ‚²],åœ¨å¹²ä¸­å­¦-å­¦ä¸­å¹²,m,å±±ä¸œ,"https://tvax1.sinaimg.cn/crop.0.0.996.996.180/006uMUhVly8gcjbjybu4hj30ro0rota2.jpg?KID=imgbed,tva&Expires=1744091059&ssig=%2FeucqQOmdN"
5152437163528917,2025-04-07,0,å±±ä¸œ,æ­£å¸¸ç°è±¡,æ‚ ç„¶ç°å—å±±ä¸¶,m,è¾½å®,"https://tvax2.sinaimg.cn/crop.0.0.512.512.180/af9605f3ly8h15rl7qfdxj20e80e8jrw.jpg?KID=imgbed,tva&Expires=1744091059&ssig=EuXiK53I6y"
5152437163528917,2025-04-07,0,å±±ä¸œ,è‡ªå·±è§£å†³,CoCoå¥¶èŒ¶å†²é¸­,m,å±±ä¸œ,"https://tvax2.sinaimg.cn/crop.0.0.500.500.180/006TCS8jly8h9tl81iuryj30dw0dw0tl.jpg?KID=imgbed,tva&Expires=1744091059&ssig=mt93UEbuo7"
5152437163528917,2025-04-07,0,å±±ä¸œ,æ¢ä»¶å¥½çœ‹çš„è¡£æœï¼Œæ¢ä¸ªå¥½çœ‹çš„å¦†å®¹ï¼Œæ¢ä¸€ä¸ªå¥½çš„å¿ƒæƒ…ï¼Œå¦‚æœè¿™äº›éƒ½ä¸èƒ½æ”¹å˜ï¼Œé‚£å°±æ¢ä¸€ä¸ªå¥½ç”·äººï¼,ç´ äººä¹å¤©,m,å±±ä¸œ,"https://tvax1.sinaimg.cn/crop.0.0.512.512.180/006HGFaxly8hiezs8hio0j30e80e8dgd.jpg?KID=imgbed,tva&Expires=1744091059&ssig=r66fgGHC3s"
5152437163528917,2025-04-07,0,å±±ä¸œ,è¿™ä¹ˆç¦»è°±ï¼Ÿæå©šäº†æå©šäº†,Swayls,m,å±±ä¸œ,"https://tvax3.sinaimg.cn/crop.0.0.853.853.180/006b6wgtly8hryxzldaz6j30np0npmyf.jpg?KID=imgbed,tva&Expires=1744091059&ssig=a6VN999SG5"
5152437163528917,2025-04-07,0,å±±ä¸œ,ä¸€ä¸ªæœˆä¸€æ¬¡è¿˜ä¸è¡Œ,æ­¢é”‡,m,å±±ä¸œ,"https://tvax1.sinaimg.cn/crop.0.0.400.400.180/006Lo9lily8hf7ivhpkulj30b40b40sw.jpg?KID=imgbed,tva&Expires=1744091059&ssig=QjjyJbuFc5"
5152437163528917,2025-04-07,0,å±±ä¸œ,è½¬ç§»æ³¨æ„åŠ›ï¼ŒåŸ¹å…»ä¸€ä¸ªè¿åŠ¨çˆ±å¥½,å¬è¯´ä½ å¾ˆå¥½66,m,å…¶ä»–,"https://tvax2.sinaimg.cn/crop.0.0.828.828.180/006EBlAjly8gjguv3uampj30n00n0aci.jpg?KID=imgbed,tva&Expires=1744091059&ssig=mWQqe%2BqfGq"
5152437163528917,2025-04-07,0,å±±ä¸œ,éƒ½ä¸€æ · è¿™ä¸æ˜¯ä¸ªä¾‹  å…¨æ˜¯äº²æƒ…,é’Ÿæƒ…èŠ‹æ³¥,m,å±±ä¸œ,"https://tvax1.sinaimg.cn/crop.0.0.1080.1080.180/007vnXQzly8h6d1wkevlij30u00u0ag7.jpg?KID=imgbed,tva&Expires=1744091059&ssig=lwycXXWoFZ"
5152437163528917,2025-04-07,0,å±±ä¸œ,å¼€å¼€å¿ƒå¿ƒå°±å¥½ï¼Œå¦‚æœåœ¨å©šå§»é‡Œä¸èƒ½è¢«æ»¡è¶³ï¼Œé‚£å°±è‡ªå·±ä¸€ä¸ªäººè§£å†³ï¼Œå»å¯»æ‰¾æœ€å¥½çš„è§£å†³æ–¹å¼,Læˆ‘å¥½åƒåœ¨å“ªè§è¿‡ä½ ,m,å±±ä¸œ,"https://tvax3.sinaimg.cn/crop.0.0.972.972.180/8c712f07ly8hlzrvfdxbvj20r00r0n13.jpg?KID=imgbed,tva&Expires=1744091059&ssig=3FKYE3uzlA"
5152437163528917,2025-04-06,0,å±±ä¸œ,ç”Ÿæ´»å°±è·Ÿç©ç¬‘ä¸€æ ·,ç‡•å±±æ˜“å®¢,m,åŒ—äº¬,"https://tvax1.sinaimg.cn/default/images/default_avatar_male_180.gif?KID=imgbed,tva&Expires=1744091059&ssig=k%2BEBzcZKpF"
5152437163528917,2025-04-06,0,å±±ä¸œ,æ€ä¹ˆå¯èƒ½[å…æ‚²],å™åˆ©é¸­æ‚å¤«,m,ç”˜è‚ƒ,"https://tvax4.sinaimg.cn/crop.0.0.1080.1080.180/006dM21Vly8h1opho5a1ij30u00u00v2.jpg?KID=imgbed,tva&Expires=1744091059&ssig=76oPHBZGCy"
5152437163528917,2025-04-06,0,å±±ä¸œ,åŒæ„Ÿâ€¦â€¦æ— åŠ›æ„Ÿå¾ˆå¤§,æ— æ˜‚ç‹å•Š,m,å…¶ä»–,"https://tvax3.sinaimg.cn/crop.0.0.960.960.180/0076RIjwly8hq50fiha16j30qo0qowgq.jpg?KID=imgbed,tva&Expires=1744091059&ssig=HZx4sabwra"
5152437163528917,2025-04-06,0,å±±ä¸œ,åƒä¸ªä¸‰æ–‡é±¼å°±å¥½äº†,ä¸ƒçº§å¤§ç‹‚é£_,m,å±±ä¸œ,"https://tvax4.sinaimg.cn/crop.0.0.658.658.180/006dIlWlly8hu2kbrn9g3j30ia0ia3z9.jpg?KID=imgbed,tva&Expires=1744091059&ssig=HSqjeq2GaU"
5152437163528917,2025-04-06,0,å±±ä¸œ,æœ‰é‚£ä¹ˆæƒ¨ï¼Ÿ,å¿˜å·¦å³çœ‹,m,ä¸Šæµ·,"https://tvax2.sinaimg.cn/crop.0.0.864.864.180/008aO4nely8gzsx669wawj30o00o03yr.jpg?KID=imgbed,tva&Expires=1744091059&ssig=uwsajQ0tyc"
5152437163528917,2025-04-07,0,å±±ä¸œ,ç”Ÿæ´»èŠ‚å¥å¤ªå¿«äº†,åŠ é’±å±…å£«èµµå¾ˆæ¶¦,m,å±±ä¸œ,"https://tvax3.sinaimg.cn/crop.0.0.1002.1002.180/ace35d87ly8gsduy7tozpj20ru0rut9j.jpg?KID=imgbed,tva&Expires=1744091059&ssig=mcBlkY6IYR"
5152922602575896,2025-04-07,0,å±±ä¸œ,è¿™å¤§çœ¼ç›[doge],æ‘˜æ˜Ÿæ²³çš„ä¾ ,m,æµ·å¤–,"https://tvax4.sinaimg.cn/crop.0.0.600.600.180/006wyZsCly8hzubytpcd1j30go0go76b.jpg?KID=imgbed,tva&Expires=1744091060&ssig=uDgZl11Bdb"
5152922602575896,2025-04-08,0,å±±ä¸œ,æ¼‚äº®,ä¸“å–é©¿ç«™,m,å¹¿ä¸œ,"https://tvax3.sinaimg.cn/crop.0.0.1080.1080.180/008FgtW3ly8hsdzopepqmj30u00u00um.jpg?KID=imgbed,tva&Expires=1744091060&ssig=R%2BW5NsrIma"
5153103716553780,2025-04-08,0,åŒ—äº¬,çœŸç¾çœŸå¥½çœ‹çœŸä¸é”™çœŸå–œæ¬¢,é—»é¦™è¯†å’–å•¡123,f,é¦™æ¸¯,"https://tva1.sinaimg.cn/crop.13.0.645.645.180/6e5706efjw1e7kt9cbmrkj20ic0icwid.jpg?KID=imgbed,tva&Expires=1744091060&ssig=KABK3YAEre"
5153103716553780,2025-04-08,0,å±±ä¸œ,å¥½å‹ä¸Šåˆæ„‰å¿«ï¼æˆ‘åˆšæ‰ä¹Ÿå»è¿‡ï¼Œå¥½æ¼‚äº®ï¼Œ[é²œèŠ±][ç¤¼ç‰©][èµå•Š],æ˜Ÿå…‰ç¿çƒ‚201808,m,åŒ—äº¬,"https://tva2.sinaimg.cn/crop.0.0.480.480.180/006byj9jjw8eurpdnn4ztj30dc0dcgm3.jpg?KID=imgbed,tva&Expires=1744091060&ssig=QrfcRZzMm3"
5153103716553780,2025-04-08,0,ä¸Šæµ·,è½¬å‘,Tjy1956,m,ä¸Šæµ·,"https://tvax3.sinaimg.cn/crop.0.0.512.512.180/006yvGGply8g84lypwlqbj30e80e8wfk.jpg?KID=imgbed,tva&Expires=1744091060&ssig=ZW1NiZbd5p"
5151856906469505,2025-04-05,0,ç¦å»º,åœ¨æµ·å¤§ä¸Šå­¦çš„æ—¶å€™æœ€å–œæ¬¢å»ä¿¡å·å±±å’Œä¸œæµ·ä¸œè·¯æºœè¾¾äº†,xxxg,m,æµ·å¤–,"https://tva3.sinaimg.cn/crop.0.0.184.184.180/986fa361jw1e6r0nokqnyj205j05jmxe.jpg?KID=imgbed,tva&Expires=1744091061&ssig=1N3UeiVBad"
5151856906469505,2025-04-07,0,å±±ä¸œ,å¥½ç©å—,é‡‘å…‹æ–¯çš„ç»¯é—»ç”·å‹u,m,å±±ä¸œ,"https://tvax4.sinaimg.cn/crop.0.0.1080.1080.180/006cGbfwly8hrle2eysiwj30u00u0jvq.jpg?KID=imgbed,tva&Expires=1744091061&ssig=cbw%2F%2FMtKV9"
5151856906469505,2025-04-06,0,æ¹–å—,å¥½çœ‹,å››çˆ·å°±æ˜¯å¸…,m,æ¹–å—,"https://tva3.sinaimg.cn/crop.0.0.480.480.180/df531ec9jw8euhmggqp3xj20dc0dc74c.jpg?KID=imgbed,tva&Expires=1744091061&ssig=z576MyjwaM"
5151856906469505,2025-04-06,0,å±±ä¸œ,å°é±¼å±±é£æ™¯å¾ˆå¥½,ç”¨æˆ·7924767456,f,å…¶ä»–,"https://tvax1.sinaimg.cn/default/images/default_avatar_female_180.gif?KID=imgbed,tva&Expires=1744091061&ssig=Qco7gOumNC"
5151856906469505,2025-04-06,0,åŒ—äº¬,äººç¾[å·ç¬‘],å°é™ˆå†²å†²å†²AA,m,å±±ä¸œ,"https://tvax1.sinaimg.cn/crop.0.0.1002.1002.180/007HyodGly8gknvadn785j30ru0run0c.jpg?KID=imgbed,tva&Expires=1744091061&ssig=%2BCOjMRp%2BrK"
5151856906469505,2025-04-05,0,ç¦å»º,æˆ‘çˆ±,JWeiÂ·,m,ç¦å»º,"https://tvax1.sinaimg.cn/crop.0.0.512.512.180/00678B9ely8gqqntd7626j30e80e8wez.jpg?KID=imgbed,tva&Expires=1744091061&ssig=d8Nhmiulvx"
5151856906469505,2025-04-07,0,å†…è’™å¤,æ¯”é’å²›è¿˜ç¾çš„ä½ ,æµ©æ—¥æ²å¤«,m,å†…è’™å¤,"https://tvax3.sinaimg.cn/crop.0.0.1044.1044.180/9d342eddly8hzolb00q2aj20t00t00ve.jpg?KID=imgbed,tva&Expires=1744091061&ssig=O8yZmLfWcr"
5151856906469505,2025-04-07,0,åŒ—äº¬,äººä¹Ÿç¾,é›¶æ— å¾®,m,åŒ—äº¬,"https://tva1.sinaimg.cn/crop.0.0.180.180.180/537daa04jw1e8qgp5bmzyj2050050aa8.jpg?KID=imgbed,tva&Expires=1744091061&ssig=r32SIlkXMF"
5151856906469505,2025-04-05,0,æ— ,æ­å–œï¼Œæ‚¨çš„å¾®åšè·å¾—é’å²›åŒåŸå¾®åšæ¦œæ’åç¬¬3åï¼è¿›æ¦œå•çš„æœ¬åœ°å¾®åšéƒ½åœ¨è¿™é‡Œï¼Œç‚¹å‡»æŸ¥çœ‹>>http://t.cn/A6rI60lU,å¾®åšåŒåŸ,f,åŒ—äº¬,"https://tvax2.sinaimg.cn/crop.0.0.1006.1006.180/001T07Ghly8gln3hx2hdrj60ry0ry3zt02.jpg?KID=imgbed,tva&Expires=1744091061&ssig=AXcMG37XbF"
5151856906469505,2025-04-05,1,å±±ä¸œ,ä½ ä¹Ÿå¾ˆæœ‰å‘³é“,è‡ªåšèªæ˜3263595545,m,å±±ä¸œ,"https://tvax1.sinaimg.cn/default/images/default_avatar_male_180.gif?KID=imgbed,tva&Expires=1744091061&ssig=bZRuLQolLt"
5151856906469505,2025-04-05,0,å±±ä¸œ,ç»™æˆ‘ä¹ŸåŠ ä¿©ç…è›‹å•Š,å¯¹å‘€å¯¹å‘€æˆ‘çœŸ,m,å…¶ä»–,"https://tvax4.sinaimg.cn/crop.0.0.1080.1080.180/008rGKuIly8hxe5mhk861j30u00u042e.jpg?KID=imgbed,tva&Expires=1744091061&ssig=l8O91Pw9MI"
5151856906469505,2025-04-05,1,å±±ä¸œ,ä½ ä¹Ÿå¥½ç¾[æ³ª],ä¸ä¼šé£çš„ç¾å‘³åœŸè±†è¶…äºº,m,å±±ä¸œ,"https://tvax1.sinaimg.cn/crop.0.0.1080.1080.180/008jq4pBly8hy3aq5uw3aj30u00u0mza.jpg?KID=imgbed,tva&Expires=1744091061&ssig=E6%2ByQkppag"
5151856906469505,2025-04-07,0,åŒ—äº¬,ä½ å¥½æ¼‚äº®,å¥½å¥½ç©è€0103,m,åŒ—äº¬,"https://tvax4.sinaimg.cn/crop.0.0.812.812.180/007baSVmly8hc6u2qtm5aj30mk0mktbt.jpg?KID=imgbed,tva&Expires=1744091061&ssig=AaJ9O4XK7z"
5151856906469505,2025-04-07,0,æ¹–åŒ—,äººæ›´ç¾,ç”¨æˆ·7891393894,m,å…¶ä»–,"https://tvax1.sinaimg.cn/default/images/default_avatar_male_180.gif?KID=imgbed,tva&Expires=1744091061&ssig=bZRuLQolLt"
5151856906469505,2025-04-07,0,ä¸Šæµ·,è¿™æµ·è“å˜›,Just_Paranoid,m,ä¸Šæµ·,"https://tvax3.sinaimg.cn/crop.0.0.828.828.180/006yZXs3ly8gu6tzslc7mj30n00n03z3.jpg?KID=imgbed,tva&Expires=1744091061&ssig=VREbmPGVYg"
5151856906469505,2025-04-07,0,å¹¿ä¸œ,å¯çˆ±ï½[é…·][é…·][é…·],æ¡ƒä¹‹èœœæ°´çµçµ,m,å¹¿ä¸œ,"https://tvax1.sinaimg.cn/crop.0.0.599.599.180/006q3mgkly8hwaieqzozrj30gn0gn0tu.jpg?KID=imgbed,tva&Expires=1744091061&ssig=c2T8PkwZDc"
5151856906469505,2025-04-07,0,åŒ—äº¬,æ™¯ç¾äººæ›´ç¾[è€å¸ˆçˆ±ä½ ][è€å¸ˆçˆ±ä½ ][è€å¸ˆçˆ±ä½ ],æ¢é—¯å…ˆç”Ÿ,m,åŒ—äº¬,"https://tvax2.sinaimg.cn/crop.0.0.378.378.180/909d5483ly8h9rtx1o8zuj20ai0ai3z1.jpg?KID=imgbed,tva&Expires=1744091061&ssig=DVto0vZ811"
5151856906469505,2025-04-06,0,å¹¿ä¸œ,ä¼˜ç§€å¦‚ä½ [å¿ƒ],é€¸å°˜è‰å ‚,m,å¹¿ä¸œ,"https://tvax3.sinaimg.cn/crop.0.0.403.403.180/006C84ROly8hs7cux0an7j30b70b7t8x.jpg?KID=imgbed,tva&Expires=1744091061&ssig=QsjAh88SHk"
5151856906469505,2025-04-06,0,å±±ä¸œ,éšå¤„å¯è§éƒ½æ˜¯æ‰“å¡åœ°,æˆ‘è¦ç„•ç„¶ä¸€æ–°,m,å±±ä¸œ,"https://tvax2.sinaimg.cn/crop.0.0.828.828.180/005AMOEnly8gozhpwq787j30n00n0q3u.jpg?KID=imgbed,tva&Expires=1744091061&ssig=%2BSGrzTDi2B"
5151856906469505,2025-04-06,0,å±±ä¸œ,å›¾ç‰‡è¯„è®º http://t.cn/A6rxu7TX,ä¸çŸ¥åçˆ±å¡è¥¿äºšæš´é›¨,m,å±±ä¸œ,"https://tvax3.sinaimg.cn/crop.0.0.722.722.180/005R8ES9ly8hatsw5z37vj30k20k2mxz.jpg?KID=imgbed,tva&Expires=1744091061&ssig=3lA65kvoho"
5153042363056332,2025-04-08,0,å±±ä¸œ,å¤§æ™´å¤©,20æš–é˜³24,m,å…¶ä»–,"https://tvax1.sinaimg.cn/crop.0.0.1080.1080.180/008CQ16gly8hp7tgqmawqj30u00u0djp.jpg?KID=imgbed,tva&Expires=1744091062&ssig=OyJMdbZG%2F5"
5152800889111595,2025-04-07,1,æ±Ÿè‹,è·‘èµ·æ¥è·‘èµ·æ¥,è‹aloha,f,ç”˜è‚ƒ,"https://tvax2.sinaimg.cn/crop.0.0.664.664.180/0079628nly8gdj52udu0jj30ig0igjry.jpg?KID=imgbed,tva&Expires=1744091062&ssig=ppmsyLie5E"
5152881606923204,2025-04-07,0,æ±Ÿè‹,ä½ å’‹è¿™ä¹ˆç˜¦å•Šæˆ‘çš„å¤©[æ€’][æ€’][æ€’],å°äº•å¦¹å¦¹çˆ±æŒ‘é£Ÿ,f,æ±Ÿè‹,"https://tvax1.sinaimg.cn/crop.0.0.512.512.180/0069Cyhmly8gktm6ev75aj30e80e8jru.jpg?KID=imgbed,tva&Expires=1744091063&ssig=lT34B2y02C"
5152881606923204,2025-04-07,0,ä¸Šæµ·,æ‹¥æŠ¤ç¾å¥³å§å§[é€èŠ±èŠ±][é€èŠ±èŠ±][é€èŠ±èŠ±],å›¾åŒ—åŒ—_,f,å…¶ä»–,"https://tvax4.sinaimg.cn/crop.0.0.1080.1080.180/006xxii0ly8h5tr6bkl3oj30u00u041t.jpg?KID=imgbed,tva&Expires=1744091063&ssig=Jb1lqgkghR"
5152881606923204,2025-04-07,0,é»‘é¾™æ±Ÿ,çœ‹ç€å°±æ˜¯æ°”è¡€å¾ˆè¶³çš„ç¾å¥³,æƒ³åƒå°å­©ai,f,é»‘é¾™æ±Ÿ,"https://tvax4.sinaimg.cn/crop.0.0.828.828.180/0068Mmyxly8h063szszeoj30n00n0wg6.jpg?KID=imgbed,tva&Expires=1744091063&ssig=5DviuJYxGM"
5152881606923204,2025-04-07,0,å±±è¥¿,å¥½ç¾å¥½å–œæ¬¢,é‡‘æœ¨æ°´ç«åœŸè´¢,f,å…¶ä»–,"https://tvax1.sinaimg.cn/crop.0.0.1080.1080.180/87f94c2fly8ht8hw8rj5fj20u00u0jun.jpg?KID=imgbed,tva&Expires=1744091063&ssig=SRpsHZpQ2z"
5152881606923204,2025-04-08,0,æ±Ÿè‹,hi,ç™½é©¬è½¦ä¸Šæ²¡ä½ ,m,å…¶ä»–,"https://tvax4.sinaimg.cn/crop.0.0.960.960.180/006LsA5ely8hvejmqx11uj30qo0qogo8.jpg?KID=imgbed,tva&Expires=1744091063&ssig=op7sJ0n%2FND"
5152881606923204,2025-04-08,0,ç”˜è‚ƒ,å¥½ç”Ÿæ´»,å¥‡åº¦å¨±ä¹,m,ç”˜è‚ƒ,"https://tva4.sinaimg.cn/crop.77.1.257.257.180/4a552c43jw8f1d4h4kuxnj20cv07nmya.jpg?KID=imgbed,tva&Expires=1744091063&ssig=ShzFlkWuk5"
5152881606923204,2025-04-08,0,æ±Ÿè‹,å“‡å¡,èŠç™½æ•¬äº­,m,ç”˜è‚ƒ,"https://tvax4.sinaimg.cn/crop.0.0.676.676.180/006RrpXLly8hrw299tib7j30is0ismz6.jpg?KID=imgbed,tva&Expires=1744091063&ssig=voUaVinEmN"
5152881606923204,2025-04-08,0,è´µå·,[è‰²][è‰²],å®…æ¢¦zz,f,åŒ—äº¬,"https://tvax2.sinaimg.cn/crop.0.0.1080.1080.180/008xzqS2ly8hhftdit4clj30u00u0q6e.jpg?KID=imgbed,tva&Expires=1744091063&ssig=GucoLKoQbA"
5152881606923204,2025-04-08,0,æµ™æ±Ÿ,ä¹Ÿä¸å–Šæˆ‘ç»™ä½ å»æ‹ç…§,å°æ¡¥çˆ±ä¸Šæµæ°´å’Œäººå®¶,m,å…¶ä»–,"https://tvax3.sinaimg.cn/crop.0.0.512.512.180/007DMK44ly8g6i35x7j8wj30e80e8wff.jpg?KID=imgbed,tva&Expires=1744091063&ssig=D%2F81nTVbov"
5152881606923204,2025-04-08,0,æµ™æ±Ÿ,å–œæ¬¢,èŒ¶è‰²çƒŸæ¬²,m,å…¶ä»–,"https://tvax3.sinaimg.cn/crop.0.0.512.512.180/0081IKddly8hgx9qlupivj30e80e8t91.jpg?KID=imgbed,tva&Expires=1744091063&ssig=UMgT4yG4gY"
5152881606923204,2025-04-08,0,å¹¿ä¸œ,é€‰é»„è¡£æœé‚£ä¸ª[é¦‹å˜´],T-DreamS,m,æµ·å¤–,"https://tva3.sinaimg.cn/crop.0.0.512.512.180/bffd36eajw8fari5m2qzfj20e80e8aa9.jpg?KID=imgbed,tva&Expires=1744091063&ssig=4MZhRdDGZO"
5152881606923204,2025-04-08,0,æ±Ÿè‹,è¿™ä¸ªé»„è‰²è¡£æœçš„æœ‰ç”·æœ‹å‹æ²¡,ç‰é¾™æ— å¿Œ,m,å…¶ä»–,"https://tvax4.sinaimg.cn/crop.0.0.500.500.180/0083akxwly8hzy13lbc7mj30dw0dwmy7.jpg?KID=imgbed,tva&Expires=1744091063&ssig=MmIHTc%2F7eu"
5152881606923204,2025-04-08,0,æ¹–åŒ—,ä¸‰ä¸ªå¤§ç¾å¥³ï¼Œæœ‰ç”·å‹ä¸,ç”¨æˆ·7750375816,m,å…¶ä»–,"https://tvax1.sinaimg.cn/default/images/default_avatar_male_180.gif?KID=imgbed,tva&Expires=1744091063&ssig=fJBoHriUy9"
5152748938462153,2025-04-07,0,åŒ—äº¬,å¼ é›¨è’™ ä½ çš„ç”Ÿæ´»æˆ‘çš„æ¢¦,æ™šç§‹é™ªç€é£,m,å…¶ä»–,"https://tvax1.sinaimg.cn/crop.0.0.512.512.180/00853Dhjly8hscf6gy775j30e80e8aag.jpg?KID=imgbed,tva&Expires=1744091065&ssig=nSe5t%2FmQxs"
5152748938462153,2025-04-07,0,æ±Ÿè¥¿,å°ç¥ä»™å®å®çœŸçš„è¶…çº§ç¾ï¼ï¼ï¼,1s4vvvv_,f,å…¶ä»–,"https://tvax4.sinaimg.cn/crop.0.0.1080.1080.180/007WfBMfly8hh1b45r62xj30u00u0jtq.jpg?KID=imgbed,tva&Expires=1744091065&ssig=3Ne0y0DuNq"
5152748938462153,2025-04-07,0,å¹¿ä¸œ,å¤§æµ·çš„æ¸©æŸ”ğŸŒŠ,å´ç¾¡å¥½å¸…,m,å¹¿ä¸œ,"https://tvax3.sinaimg.cn/crop.0.0.1080.1080.180/8e563d74ly8hncyn5prcoj20u00u0q5i.jpg?KID=imgbed,tva&Expires=1744091065&ssig=l2xbk0sHrR"
5152748938462153,2025-04-07,0,å±±ä¸œ,è€æŠ½è‰²çš„å¤§é¸¡æ¯›ï¼åé¸¡æ¯›,OinTaiji,m,å±±ä¸œ,"https://tvax2.sinaimg.cn/crop.0.0.720.720.180/008zqqNmly8htpf5qph2aj30k00k0mz9.jpg?KID=imgbed,tva&Expires=1744091065&ssig=n1YQFiQ6zD"
5152872041023381,2025-04-07,0,å±±ä¸œ,è¿™çœŸç¾æ­»äº†,_xxly,f,å¤©æ´¥,"https://tvax4.sinaimg.cn/crop.0.0.512.512.180/006iOwX5ly8h3h1u3b72vj30e80e874t.jpg?KID=imgbed,tva&Expires=1744091065&ssig=tSG0bp3TQJ"
5152493446889907,2025-04-06,0,å±±ä¸œ,æˆ‘æ„Ÿè§‰åˆ«äººå¯¹è±¡ä¹Ÿç»ä¸èµ·ä½ çš„è€ƒéªŒ[ç¬‘è€Œä¸è¯­],ä½™ç”Ÿçš„æˆ‘ä¸€ç›´åœ¨,m,å…¶ä»–,"https://tvax4.sinaimg.cn/crop.0.0.132.132.180/008E6aWPly4hpvn9ef54wj303o03oq2r.jpg?KID=imgbed,tva&Expires=1744091066&ssig=gZ%2BM%2FH50c%2F"
5152493446889907,2025-04-07,1,å±±è¥¿,æˆ‘å˜ä¸ªè±†[é»‘çº¿],è–¶è‘¬çµé­‚,m,å±±è¥¿,"https://tvax3.sinaimg.cn/crop.0.0.996.996.180/006TIsPEly8hxyav80pe5j30ro0rpwgw.jpg?KID=imgbed,tva&Expires=1744091066&ssig=vlK5t0ez0C"
5152493446889907,2025-04-06,0,å±±ä¸œ,æˆ‘,æ¬¢çƒ¬40279,m,å…¶ä»–,"https://tvax3.sinaimg.cn/crop.0.0.1000.1000.180/008bauIyly8gyw20okny7j30rs0rtt9h.jpg?KID=imgbed,tva&Expires=1744091066&ssig=9RsL9n2xC7"
5152493446889907,2025-04-08,0,å±±ä¸œ,è½¦èƒ½è®©æˆ‘å¼€å¼€ä¸,Så…ˆç”Ÿyt,m,é»‘é¾™æ±Ÿ,"https://tvax1.sinaimg.cn/crop.0.0.500.500.180/008yJJMrly8hei211lza4j30dw0dwglr.jpg?KID=imgbed,tva&Expires=1744091066&ssig=GBHkEA39DV"
5152493446889907,2025-04-08,0,å±±ä¸œ,æˆ‘ä¼šå¼€è½¦ğŸš—,æ ‹77517,m,å±±ä¸œ,"https://tvax4.sinaimg.cn/crop.0.0.828.828.180/006UNXpUly8gl5ba6lponj30n00n0t9x.jpg?KID=imgbed,tva&Expires=1744091066&ssig=McNZj90Bga"
5152493446889907,2025-04-08,0,å±±ä¸œ,æˆ‘ä¹Ÿæ˜¯,æµäº‘è‹¥é›¨æ·¦,m,å±±ä¸œ,"https://tvax2.sinaimg.cn/crop.0.0.1080.1080.180/007CwVIIly8hsr2u9k6zzj30u00u0gpm.jpg?KID=imgbed,tva&Expires=1744091066&ssig=54kOT8R8pG"
5152493446889907,2025-04-08,0,å¹¿ä¸œ,[èˆ”å±][èˆ”å±][èˆ”å±]å¥½åå·®å®è´,yuliee1314,m,å…¶ä»–,"https://tvax1.sinaimg.cn/default/images/default_avatar_male_180.gif?KID=imgbed,tva&Expires=1744091066&ssig=rnTPpMrB33"
5152493446889907,2025-04-08,0,ä¸Šæµ·,æˆ‘æ¥[doge],ä¸€å¤§å£ç§‹åˆ€é±¼,m,å…¶ä»–,"https://tvax3.sinaimg.cn/crop.0.0.132.132.180/008toTCJly4h2jyvjzhvwj303o03omwx.jpg?KID=imgbed,tva&Expires=1744091066&ssig=AhSWP8rlPe"
5152493446889907,2025-04-07,0,å±±ä¸œ,æŠ¥ä¸ªåå…ˆ,Joniry,m,å±±ä¸œ,"https://tvax2.sinaimg.cn/crop.0.0.1080.1080.180/5991f6e9ly8gnz5ub53whj20u00u0n0e.jpg?KID=imgbed,tva&Expires=1744091066&ssig=WTi2k76Twj"
5152493446889907,2025-04-07,0,å±±è¥¿,å¥½çœ‹çˆ±çœ‹,åªæ˜¯å»åš,m,æ²³å—,"https://tvax3.sinaimg.cn/crop.0.0.720.720.180/005u4JYfly8gy9r1jcbdaj30k00k0dj5.jpg?KID=imgbed,tva&Expires=1744091066&ssig=QN4EZy0EWD"
5152493446889907,2025-04-07,0,å¤©æ´¥,ä¸Ÿ,é›¾è‰²æ¬²æ»¡æ»¡,m,å…¶ä»–,"https://tvax3.sinaimg.cn/crop.0.0.917.917.180/007Vvwluly8hz6amqe143j30ph0phabe.jpg?KID=imgbed,tva&Expires=1744091066&ssig=3SDPh59NwR"
5152493446889907,2025-04-07,0,å¹¿ä¸œ,è¿™è¦æ±‚ä¸é«˜[å˜»å˜»],éŸ¬ä¹‹æ™¦,m,å¹¿ä¸œ,"https://tvax4.sinaimg.cn/crop.0.0.1080.1080.180/005QZQoLly8i08cf2hbyrj30u00u1juw.jpg?KID=imgbed,tva&Expires=1744091066&ssig=zpSxt%2B6BXB"
5152493446889907,2025-04-07,0,ç”˜è‚ƒ,æˆ‘æ¥,ç”¨æˆ·7965212072,m,å…¶ä»–,"https://tvax1.sinaimg.cn/default/images/default_avatar_male_180.gif?KID=imgbed,tva&Expires=1744091066&ssig=rnTPpMrB33"
5152493446889907,2025-04-07,0,å¤©æ´¥,æˆ‘å¯ä»¥é™ªä½ ä¸€æ•´å¤©[æ³ª],å°å¼Ÿçˆ±åƒå¨ƒå¨ƒèœ,m,å…¶ä»–,"https://tvax3.sinaimg.cn/crop.0.0.512.512.180/008Ewp7Aly8hr0ootbfjrj30e80e8aam.jpg?KID=imgbed,tva&Expires=1744091066&ssig=6SuvgWy0ml"
5152493446889907,2025-04-07,1,å››å·,[doge],fashengå‘å£°,m,å…¶ä»–,"https://tvax2.sinaimg.cn/crop.0.0.817.817.180/008utvNQly8hzd013kte4j30mp0mpgmp.jpg?KID=imgbed,tva&Expires=1744091066&ssig=MLhpKTQtK7"
5152493446889907,2025-04-07,1,äº‘å—,é™ªä½ ä¸€ç›´,JKæ—å­,m,å…¶ä»–,"https://tvax1.sinaimg.cn/crop.0.0.1080.1080.180/008G641uly8htyvt4ye2jj30u00u0465.jpg?KID=imgbed,tva&Expires=1744091066&ssig=UWxg%2BZo40k"
5152493446889907,2025-04-07,1,å¹¿è¥¿,ä»–å¯èƒ½åœ¨é™ªå¦ä¸€ä¸ªå¯¹è±¡è¿˜æ²¡è½®åˆ°ä½ ,æ–‡åˆè§å,m,å¹¿è¥¿,"https://tvax2.sinaimg.cn/crop.0.0.512.512.180/96d5435bly8fo4x845qo0j20e80e8mx2.jpg?KID=imgbed,tva&Expires=1744091066&ssig=ueN6sfbMS9"
5152493446889907,2025-04-07,1,é™•è¥¿,æœŸå¾…[æ±¡][æ±¡],chen243654,m,é™•è¥¿,"https://tvax3.sinaimg.cn/crop.0.0.606.606.180/0074NzG3ly8h79qg5c53nj30gu0gu3z1.jpg?KID=imgbed,tva&Expires=1744091066&ssig=pMIaRJ9TmN"
5152493446889907,2025-04-07,1,å†…è’™å¤,èƒ½æœŸå¾…ä¸€ä¸‹,ä¸æŠ½yanåªæŠ½ä½ ,m,å±±è¥¿,"https://tvax2.sinaimg.cn/crop.0.0.1080.1080.180/0072DMoaly8hx6dnds8jdj30u00u0q5e.jpg?KID=imgbed,tva&Expires=1744091066&ssig=KIxtD4jwdT"
5152493446889907,2025-04-06,1,å±±ä¸œ,[å…æ‚²],æ½åŠæ™“æ–‡,m,å…¶ä»–,"https://tvax1.sinaimg.cn/crop.0.0.896.896.180/006JvVN2ly8hpc5vztnokj30ow0owadt.jpg?KID=imgbed,tva&Expires=1744091066&ssig=j0J%2BAmk280"
5150282632925659,2025-04-01,0,æ— ,æ­å–œï¼Œæ‚¨çš„å¾®åšè·å¾—é’å²›åŒåŸå¾®åšæ¦œæ’åç¬¬16åï¼è¿›æ¦œå•çš„æœ¬åœ°å¾®åšéƒ½åœ¨è¿™é‡Œï¼Œç‚¹å‡»æŸ¥çœ‹>>http://t.cn/A6ry7mOV,å¾®åšåŒåŸ,f,åŒ—äº¬,"https://tvax2.sinaimg.cn/crop.0.0.1006.1006.180/001T07Ghly8gln3hx2hdrj60ry0ry3zt02.jpg?KID=imgbed,tva&Expires=1744091067&ssig=JckwWnZzY4"
5150282632925659,2025-03-31,0,ç¦å»º,å–œæ¬¢,æŸ³å¤§çˆ·s,m,å››å·,"https://tvax1.sinaimg.cn/crop.0.0.960.960.180/005ADNQSly8hzycvkzwtqj30qo0qomyg.jpg?KID=imgbed,tva&Expires=1744091067&ssig=Pyfm3AUL4G"
5150282632925659,2025-03-31,0,ç¦å»º,çˆ±,å¤åˆsng,m,å¹¿ä¸œ,"https://tvax2.sinaimg.cn/crop.0.0.638.638.180/d36ffee3ly8hzycuwp5rej20hq0hq0td.jpg?KID=imgbed,tva&Expires=1744091067&ssig=tx5OXFMW0v"
5150282632925659,2025-03-31,0,æ¹–å—,å¯ä»¥,ä¹”ä¹”rc,m,åŒ—äº¬,"https://tvax1.sinaimg.cn/crop.0.0.512.512.180/73ee28d9ly8hm8o0x8poaj20e80e8q3t.jpg?KID=imgbed,tva&Expires=1744091067&ssig=jkUEcKu7lU"
5150282632925659,2025-03-31,0,æ¹–å—,å¯çˆ±çš„,é˜´é˜³å¸ˆsa,m,æµ™æ±Ÿ,"https://tvax1.sinaimg.cn/crop.0.0.512.512.180/b49e80e7ly8hzzeuokt9pj20e80e8dgb.jpg?KID=imgbed,tva&Expires=1744091067&ssig=ndFuJE1RBf"
5152931092896248,2025-04-07,0,å®‰å¾½,å¹²å˜›ä¸ç©¿é‹å•Š,ä¸€ä¼‘å°å’Œå°šo,m,æµ·å¤–,"https://tvax1.sinaimg.cn/crop.0.0.1080.1080.180/007PcaiQly8grrd5bp4ntj30u00u040c.jpg?KID=imgbed,tva&Expires=1744091067&ssig=lzuE8cYVTY"
5152931092896248,2025-04-07,0,å±±è¥¿,ä»€ä¹ˆæ—¶å€™ç©¿è¿™ä¸ªå¼€æ’­[çˆ±ä½ ],ç™½é¸Ÿ842,m,å…¶ä»–,"https://tvax4.sinaimg.cn/crop.0.0.992.992.180/008khCTuly8hyb5cng6o0j30rk0rkgo5.jpg?KID=imgbed,tva&Expires=1744091067&ssig=19ltKoNYvd"
5152931092896248,2025-04-07,0,æµ™æ±Ÿ,æ——è¢ï¼Ÿä¸‹ä¸ªè§†é¢‘ç©¿å—ï¼Ÿ,ä¸€åªå´½çš„å¼‚ä¹¡äºº,m,æµ™æ±Ÿ,"https://tvax3.sinaimg.cn/crop.0.0.690.690.180/6e21b0ably8hzyjkdcn8cj20j60j6dhi.jpg?KID=imgbed,tva&Expires=1744091067&ssig=W4%2Fc2rpMkV"
5152931092896248,2025-04-07,0,å±±ä¸œ,è´µå¦‡[doge],å­£ä¹Ÿå¾€æ˜”,m,å…¶ä»–,"https://tvax4.sinaimg.cn/crop.0.0.1080.1080.180/008wVxHlly8hrgz2t9b8tj30u00u0ae8.jpg?KID=imgbed,tva&Expires=1744091067&ssig=ow9uUKQOJb"
5152931092896248,2025-04-07,1,æ²³å—,æƒ…ç»ªé›¶ç¢[å“‡],æ†¨åŒ…å°å®‹,m,æ²³å—,"https://tvax3.sinaimg.cn/crop.0.0.1075.1075.180/007S73wgly8huppkq05hlj30tv0tv40z.jpg?KID=imgbed,tva&Expires=1744091067&ssig=tIetZBOsLC"
5152931092896248,2025-04-07,1,å¤©æ´¥,æ²¡æœ‰å°è‚šå­[è‹¦æ¶©],é€—å•¦å“”æ¢¦,m,å¤©æ´¥,"https://tvax1.sinaimg.cn/crop.0.0.1024.1024.180/008Ff5jtly8hzx4phkp7xj30sg0sgjvf.jpg?KID=imgbed,tva&Expires=1744091067&ssig=a3nLcpDo%2Fg"
5152931092896248,2025-04-08,0,æ±Ÿè¥¿,å“ˆå“ˆå“ˆå“ˆ//@ä¸€åªå´½y:æƒ³ç»™æˆ‘åˆ·è·‘è½¦äº†æ˜¯å§//@ç™½é¸Ÿ842:ä»€ä¹ˆæ—¶å€™ç©¿è¿™ä¸ªå¼€æ’­[çˆ±ä½ ],æ˜çŸ¥æ˜¯æ„å¤–yoä¸¶,m,å¹¿ä¸œ,"https://tvax4.sinaimg.cn/crop.0.0.900.900.180/006oQekcly8g5jws85u3xj30p00p0wey.jpg?KID=imgbed,tva&Expires=1744091067&ssig=7aROjJ9u8o"
5152931092896248,2025-04-08,0,æµ™æ±Ÿ,é¦‹äº†,å‡¯å‡¯å‡¯Joe,m,æµ·å¤–,"https://tva1.sinaimg.cn/crop.0.0.1002.1002.180/005Dk2Cmjw8fd3zv9zap5j30ru0rutao.jpg?KID=imgbed,tva&Expires=1744091067&ssig=igC8EkaT4h"
5152931092896248,2025-04-07,0,æ±Ÿè‹,è¿™é“¾å­ä¸é”™å“¦[doge],é™ªä½ çœ‹æ—¥è½è¾°æ˜æ¢³å½±æ¨ªæ–œ,m,æ±Ÿè‹,"https://tvax4.sinaimg.cn/crop.0.0.1080.1080.180/a6ad59e1ly8gvuc6kvhp1j20u00u0jta.jpg?KID=imgbed,tva&Expires=1744091067&ssig=0aQu86XB9V"
5152931092896248,2025-04-07,0,æµ™æ±Ÿ,å¥½çœ‹[äºŒå“ˆ]æ³¨æ„å®‰å…¨ï¼,æ¸…é£æš–é…’æ­Œ,m,ä¸Šæµ·,"https://tvax4.sinaimg.cn/crop.0.0.996.996.180/006bkYCBly8gaaloj97yrj30ro0rodha.jpg?KID=imgbed,tva&Expires=1744091067&ssig=2G21Jivdh1"
5152931092896248,2025-04-08,0,å››å·,ä»€ä¹ˆè½¦ï¼Œè¿˜å¾—è¦å¯Œå©†äº²è‡ªå¼€ï¼Œè®©å¸æœºå°ç‹æˆ‘æ¥[doge],ç©èš‚èšçš„å°å­©çš„pisces,m,æµ™æ±Ÿ,"https://tvax1.sinaimg.cn/crop.0.0.1037.1037.180/6c303dd4ly8h6rx9iuci5j20st0st3zk.jpg?KID=imgbed,tva&Expires=1744091067&ssig=wkENlndCDS"
5152931092896248,2025-04-08,0,äº‘å—,ç©ºè°ƒå¼€åˆ°æœ€å¤§,äººé—´ç»æ¶©æ˜¯ä½ ,m,å…¶ä»–,"https://tvax3.sinaimg.cn/crop.0.0.1080.1080.180/008Cww0Sly8hs026ehny4j30u00u0dha.jpg?KID=imgbed,tva&Expires=1744091067&ssig=vtPNJEGa0l"
5152931092896248,2025-04-08,0,å¹¿ä¸œ,æˆ‘æ»´å¦ˆ[é¼“æŒ][é¼“æŒ],èº²è¿‡ä¸˜æ¯”ç‰¹999æ”¯ç®­,m,å…¶ä»–,"https://tvax3.sinaimg.cn/crop.0.0.1080.1080.180/007r5TkBly8hzsy7jo1v9j30u00u0tbw.jpg?KID=imgbed,tva&Expires=1744091067&ssig=wlEU9c7utu"
5152931092896248,2025-04-08,0,æµ™æ±Ÿ,[å¼€å­¦å­£],ä½ ä¹Ÿä¼šé—æ†¾çš„å¯¹å§,m,å…¶ä»–,"https://tvax1.sinaimg.cn/crop.0.0.1080.1080.180/006Y7F5Yly8hgwbm4wli0j30u00u0dhp.jpg?KID=imgbed,tva&Expires=1744091067&ssig=pKiSqvQlQh"
5152931092896248,2025-04-08,0,ç¦å»º,[doge][doge][doge],ä¸æ—¶å…‰åŒæ²‰,m,å…¶ä»–,"https://tvax3.sinaimg.cn/crop.0.0.512.512.180/008ztvYRly8hh11mfnw85j30e80e8q35.jpg?KID=imgbed,tva&Expires=1744091067&ssig=X4NpYXuAM7"
5152931092896248,2025-04-08,0,æµ™æ±Ÿ,ä½ éš¾å—ï¼Œå…„å¼Ÿä»¬çœ¼ç›å¥½å—å•Š[è‰²],WHATAFUCKINWORLD,m,å…¶ä»–,"https://tvax1.sinaimg.cn/crop.0.0.1080.1080.180/0068J9cnly8gxxkemh4a1j30u00u0jv2.jpg?KID=imgbed,tva&Expires=1744091067&ssig=OXJTw58eh5"
5152931092896248,2025-04-08,0,å¹¿ä¸œ,[doge],æœ‰ç§åŠªåŠ›å«å¥‹æ–—y,m,å¹¿ä¸œ,"https://tvax3.sinaimg.cn/crop.0.0.996.996.180/0072ZTnJly8gwigahlsx5j30ro0rot9w.jpg?KID=imgbed,tva&Expires=1744091067&ssig=mCHJPt28rI"
5152931092896248,2025-04-08,0,æ²³å—,[æ³ª][è‰²],æ–°æ—¶ä»£å¥½åƒè´ªç¡é’å¹´,m,å…¶ä»–,"https://tvax3.sinaimg.cn/crop.0.0.1080.1080.180/005TJnHDly8hg4r8bu8qdj30u00u0dhr.jpg?KID=imgbed,tva&Expires=1744091067&ssig=ROhg8O9PCr"
5152931092896248,2025-04-08,0,ä¸Šæµ·,è¿™é“¾å­æœ‰ç‚¹ä¸œè¥¿,åˆé‡‘-,m,æ±Ÿè‹,"https://tvax2.sinaimg.cn/crop.0.0.1080.1080.180/0060lpNMly8hdipsh7t45j30u00u0789.jpg?KID=imgbed,tva&Expires=1744091067&ssig=RcSRtvXmwK"
5152931092896248,2025-04-07,0,å¹¿ä¸œ,[å“†å•¦Aæ¢¦åƒæƒŠ],Franklin-35,m,å¹¿ä¸œ,"https://tvax2.sinaimg.cn/crop.0.0.1002.1002.180/006CV3rBly8ga3fknada3j30ru0ru439.jpg?KID=imgbed,tva&Expires=1744091067&ssig=fMeQfS2TsF"
5149822715428939,2025-03-30,0,å±±ä¸œ,æ™š10ç‚¹å‡ºå‘ï¼Œç°å·²èººåœ¨å®¶,JyuJyuo,f,å±±ä¸œ,"https://tvax3.sinaimg.cn/crop.0.0.871.871.180/007iNVLzly8hngkw2sbb1j30o70o7jsv.jpg?KID=imgbed,tva&Expires=1744091068&ssig=Q%2BAZ1ajk7%2F"
5149822715428939,2025-03-31,0,å±±ä¸œ,å¤ªå†·äº†è¿™æ—¶å€™,æ¸…é£2932,m,å±±ä¸œ,"https://tva2.sinaimg.cn/crop.0.0.180.180.180/4d9f2d90jw1e8qgp5bmzyj2050050aa8.jpg?KID=imgbed,tva&Expires=1744091068&ssig=YjTwBnDA%2FB"
5152753191225334,2025-04-07,0,å±±ä¸œ,[é˜´é™©],å¼¥æ•¦é“è¡—,f,å…¶ä»–,"https://tvax1.sinaimg.cn/crop.0.0.1080.1080.180/006agKbnly8hzvgvvwkxoj30u00u0tbr.jpg?KID=imgbed,tva&Expires=1744091069&ssig=bgVX%2FVFm4F"
5152813315787115,2025-04-07,0,æ±Ÿè‹,å“ªæ¬¾[äºŒå“ˆ]ï¼Œæˆ‘ä¹°çš„ç»´ç§˜éƒ½ä¸å¥½ç©¿,å¾ˆå›°çš„æˆšæˆš,f,å®‰å¾½,"https://tvax2.sinaimg.cn/crop.0.0.512.512.180/007OT7cPly8hxroydfpt7j30e80e8mxn.jpg?KID=imgbed,tva&Expires=1744091069&ssig=etUurHvocN"
5152813315787115,2025-04-07,0,å®‰å¾½,å“ªæ¬¾æˆ‘ä¹Ÿè¦å†²[æ‰“call],æ˜¯æ€ªæˆ‘å–½ç¦»è°±,f,å…¶ä»–,"https://tvax4.sinaimg.cn/crop.0.0.1008.1008.180/0063Emoxly8hhjbpth4k2j30s00s0q4z.jpg?KID=imgbed,tva&Expires=1744091069&ssig=2PlR9Wf%2FAp"
5152813315787115,2025-04-08,0,æ±Ÿè‹,å¤ªç¾äº†,å®é™è‡´è¿œ900819,m,æ±Ÿè‹,"https://tvax1.sinaimg.cn/crop.0.0.1080.1080.180/8fe9fbeely8h5s6mca296j20u00u077u.jpg?KID=imgbed,tva&Expires=1744091069&ssig=%2FSa2a9b8Ww"
5152813315787115,2025-04-07,0,æµ·å—,å¤ªç¾äº†[èµ],ç”¨æˆ·6146055680,m,å…¶ä»–,"https://tvax1.sinaimg.cn/default/images/default_avatar_male_180.gif?KID=imgbed,tva&Expires=1744091069&ssig=KgdurPMYFd"
5152813315787115,2025-04-07,0,å®‰å¾½,å§å§ä½ ç”¨çš„ä»€ä¹ˆå£çº¢ğŸ’„ï¼Ÿæˆ‘ä¹Ÿæƒ³ä¹°åŒæ¬¾,åˆ«ç¢°æˆ‘çš„ä¸¸å­å¤´oi,f,å®‰å¾½,"https://tvax3.sinaimg.cn/crop.0.0.960.960.180/006KWYWYly8hi1suoqu1nj30qo0qowh4.jpg?KID=imgbed,tva&Expires=1744091069&ssig=QbjNkpW5Vn"
5152813315787115,2025-04-07,0,ä¸Šæµ·,è¿·æ™•æˆ‘,hshxhmjz,f,ä¸Šæµ·,"https://tvax1.sinaimg.cn/crop.0.0.817.817.180/006wX2irly8hz1wp6l920j30mp0mpq49.jpg?KID=imgbed,tva&Expires=1744091069&ssig=7eWTiQRtI8"
5152813315787115,2025-04-07,0,å®‰å¾½,å®å®å›¾å››ğŸ”—,Tianjojo_96,f,æµ·å¤–,"https://tvax3.sinaimg.cn/crop.0.0.512.512.180/005EPVTlly8hd1negyrf5j30e80e8my4.jpg?KID=imgbed,tva&Expires=1744091069&ssig=LFFSTZYJxG"
5152813315787115,2025-04-08,0,å¹¿ä¸œ,ä¸»é¡µ[æ‰“call][æ‰“call],è¯—è¯—è§£å‹é¦†,m,å¹¿ä¸œ,"https://tvax1.sinaimg.cn/crop.0.0.512.512.180/0069vwaDly8i08p2jsvqbj30e80e8mxo.jpg?KID=imgbed,tva&Expires=1744091069&ssig=8hzQoPQECj"
5152813315787115,2025-04-08,0,åŒ—äº¬,å¤„å¯¹è±¡å—,é˜¿æ°‘_168,m,åŒ—äº¬,"https://tvax4.sinaimg.cn/crop.0.0.748.748.180/ed13586fly8hz6hrrwbhwj20ks0ksgmh.jpg?KID=imgbed,tva&Expires=1744091069&ssig=Yk2MjpGsPf"
5152813315787115,2025-04-08,0,å¹¿ä¸œ,è¦çœŸè¯š[doge],ç•™ä½ç¾å¥½å›å¿†lst,m,å…¶ä»–,"https://tvax1.sinaimg.cn/crop.0.0.512.512.180/008yvj5Ily8hdy3huz76xj30e80e8t9y.jpg?KID=imgbed,tva&Expires=1744091069&ssig=BJG1fow2D8"
5152813315787115,2025-04-08,0,æ²³å—,ä½ ä»¬çœ‹è§äº†å—,æ¸…é£ä¸è´Ÿé‡è§,m,å…¶ä»–,"https://tvax1.sinaimg.cn/crop.0.0.512.512.180/008AnRf8ly8hhbpihbkgfj30e80e8wew.jpg?KID=imgbed,tva&Expires=1744091069&ssig=LGPo7hmOMW"
5152813315787115,2025-04-07,0,æµ·å—,å¥³å¨²æ¯•è®¾æ˜¯å§[doge],Autism-LJC,m,æµ·å—,"https://tvax3.sinaimg.cn/crop.0.0.512.512.180/7bd507dbly8gs2pijk2yij20e80e8wep.jpg?KID=imgbed,tva&Expires=1744091069&ssig=UqIkfDDzoB"
5152813315787115,2025-04-08,0,ä¸Šæµ·,çˆ±äº†,Jxå½’æœŸ,m,å…¶ä»–,"https://tvax3.sinaimg.cn/crop.0.0.132.132.180/008E391Cly4hpq8t0prb9j303o03odfn.jpg?KID=imgbed,tva&Expires=1744091069&ssig=RcBeZNNe2g"
5152813315787115,2025-04-07,0,å¹¿è¥¿,èº«æä¸é”™,çƒ§å›½æ——1,m,å¹¿ä¸œ,"https://tvax1.sinaimg.cn/crop.0.0.996.996.180/00780yr0ly8fqj77dfgh5j30ro0rodhg.jpg?KID=imgbed,tva&Expires=1744091069&ssig=SHqkhTiQvx"
5149668339354120,2025-03-31,0,å±±ä¸œ,å¥½çœ‹,é£ç¿”1023,m,å±±ä¸œ,"https://tvax1.sinaimg.cn/default/images/default_avatar_male_180.gif?KID=imgbed,tva&Expires=1744091070&ssig=Ao7NWvIVjZ"
5149668339354120,2025-04-01,0,å±±ä¸œ,æ°´çµçµ,ä¸çŸ¥ä»Šå®µ_é…’é†’ä½•å¤„,m,å…¶ä»–,"https://tvax3.sinaimg.cn/crop.0.0.1080.1080.180/008GggFwly8hvpmujghl4j30u00u0gvg.jpg?KID=imgbed,tva&Expires=1744091070&ssig=o%2B1ohrB%2B1Q"
5149668339354120,2025-03-30,0,æ— ,æ­å–œï¼Œæ‚¨çš„å¾®åšè·å¾—é’å²›åŒåŸå¾®åšæ¦œæ’åç¬¬33åï¼è¿›æ¦œå•çš„æœ¬åœ°å¾®åšéƒ½åœ¨è¿™é‡Œï¼Œç‚¹å‡»æŸ¥çœ‹>>http://t.cn/A6rzzZLG,å¾®åšåŒåŸ,f,åŒ—äº¬,"https://tvax2.sinaimg.cn/crop.0.0.1006.1006.180/001T07Ghly8gln3hx2hdrj60ry0ry3zt02.jpg?KID=imgbed,tva&Expires=1744091070&ssig=abX6lxaYfn"
5149668339354120,2025-04-08,0,å±±ä¸œ,æ¥æ’æ˜Ÿæ™ºå²­å”±k,æ–¯æ–‡å…ˆç”Ÿ_,m,å±±ä¸œ,"https://tva2.sinaimg.cn/crop.0.10.492.492.180/006lby0Ujw8f864t7gixxj30do0e8ab2.jpg?KID=imgbed,tva&Expires=1744091070&ssig=5jsZ7%2FEL5W"
5149668339354120,2025-04-01,4,å±±ä¸œ,æ»´æ»´,NyxNyxhhhh,m,å±±ä¸œ,"https://tvax1.sinaimg.cn/crop.0.0.359.359.180/afe00a33ly8hzou9ftd5lj209z09zjrh.jpg?KID=imgbed,tva&Expires=1744091070&ssig=isTwqU1C%2F5"
5149668339354120,2025-03-30,0,å±±ä¸œ,å°ç¾å¥³,Loserå¾ˆLow,m,å…¶ä»–,"https://tvax1.sinaimg.cn/crop.0.0.40.40.180/008nGktFly4gtqqwfvfo7j30140140ac.jpg?KID=imgbed,tva&Expires=1744091070&ssig=FlpSB7Ph4e"
5149668339354120,2025-04-08,0,è¾½å®,è§†è§’æ­£ç¡®,å¤©ç©ºæ´¾fj,f,å…¶ä»–,"https://tvax1.sinaimg.cn/crop.0.0.1080.1080.180/008FUceEly8i056zon6rvj30u00u0diz.jpg?KID=imgbed,tva&Expires=1744091070&ssig=jpeHPzeHyZ"
5149668339354120,2025-03-31,0,è¾½å®,æ å—[èˆ”å±]æ‰‰D,æ©¯æŠ§6å¾ªæŠµæ¦,m,å…¶ä»–,"https://tvax2.sinaimg.cn/crop.0.23.1080.1080.180/008IK6sdly8hzzpgxp18yj30u00vaq6v.jpg?KID=imgbed,tva&Expires=1744091070&ssig=HuzVVxEIjV"
5152727069362669,2025-04-07,0,ç½—ä¼¯ç‰¹èªæ˜ç‰ˆ,å»ºç«‹äº²å¯†å…³ç³»å°±åƒç§èŠ±ï¼Œéœ€è¦æ—¶é—´å’Œè€å¿ƒå»æµ‡çŒã€‚äº†è§£è‡ªå·±å’Œå¯¹æ–¹çš„éœ€æ±‚ï¼Œä¿æŒå¼€æ”¾å’ŒçœŸè¯šçš„æ²Ÿé€šï¼Œæ˜¯åŸ¹å…»æ„Ÿæƒ…çš„å…³é”®å“¦ã€‚æ¯ä¸ªäººéƒ½æ˜¯ç‹¬ç‰¹çš„èŠ±æœµï¼Œæ‰¾åˆ°é€‚åˆè‡ªå·±çš„åœŸå£¤æ‰èƒ½ç»½æ”¾ã€‚,è¯„è®ºç½—ä¼¯ç‰¹,f,æµ·å¤–,"https://tvax1.sinaimg.cn/crop.0.0.1080.1080.180/006i0XtAly8hzvmxmh1c4j30u00u0ac8.jpg?KID=imgbed,tva&Expires=1744091071&ssig=kMpHwwk5Sv"
5152501763673318,2025-04-06,0,è¾½å®,å›æ¥å•¦[å¯çˆ±],å–³æ·‚å°¼å¯†,m,æµ·å¤–,"https://tvax4.sinaimg.cn/crop.0.0.996.996.180/0089wwQNly8ghcdrce8m0j30ro0rogne.jpg?KID=imgbed,tva&Expires=1744091071&ssig=LkJOyLE68G"
5152501763673318,2025-04-06,0,å¾·å›½,[æ€è€ƒ]æ„Ÿè§‰ä½ æŒºé«˜çš„å•Š è¿™å¾—170+äº†å§,èƒ½çˆ¸çˆ¸å•Š,m,å±±ä¸œ,"https://tvax1.sinaimg.cn/crop.0.0.664.664.180/006vQ3Lzly8fiqgx2udjnj30ig0ig0uc.jpg?KID=imgbed,tva&Expires=1744091071&ssig=st59x8Au%2F9"
5152501763673318,2025-04-07,0,å±±ä¸œ,äº’å…³,æ­¢é”‡,m,å±±ä¸œ,"https://tvax1.sinaimg.cn/crop.0.0.400.400.180/006Lo9lily8hf7ivhpkulj30b40b40sw.jpg?KID=imgbed,tva&Expires=1744091071&ssig=J8VMqsY9Zi"
5152501763673318,2025-04-07,0,å±±ä¸œ,äººæ¯”èŠ±ç¾,OinTaiji,m,å±±ä¸œ,"https://tvax2.sinaimg.cn/crop.0.0.720.720.180/008zqqNmly8htpf5qph2aj30k00k0mz9.jpg?KID=imgbed,tva&Expires=1744091071&ssig=6g81ZJdB8y"
